brand,ice_type,drink_name,caffeine_amount,processed_at
메가커피,hot,아메리카노,204.2,2026-03-17 20:08:27
메가커피,hot,꿀아메리카노,199.4,2026-03-17 20:08:27
메가커피,hot,헤이즐넛 아메리카노,209.8,2026-03-17 20:08:27
메가커피,hot,바닐라 아메리카노,220.7,2026-03-17 20:08:27
메가커피,hot,헛개리카노,181.6,2026-03-17 20:08:27
메가커피,hot,카페라떼,189.9,2026-03-17 20:08:27
메가커피,hot,카푸치노,201.4,2026-03-17 20:08:27
메가커피,hot,바닐라라떼,189.9,2026-03-17 20:08:27
메가커피,hot,헤이즐넛 라떼,204.6,2026-03-17 20:08:27
메가커피,hot,카라멜마끼아또,203.4,2026-03-17 20:08:27
메가커피,hot,연유라떼,194.2,2026-03-17 20:08:27
메가커피,hot,카페모카,233.2,2026-03-17 20:08:27
메가커피,hot,에스프레소,104.8,2026-03-17 20:08:27
메가커피,hot,에스프레소 도피오,184.7,2026-03-17 20:08:27
메가커피,hot,핫초코,21.9,2026-03-17 20:08:27
메가커피,ice,녹차라떼,114.5,2026-03-17 20:08:27
메가커피,hot,곡물라떼,0.0,2026-03-17 20:08:27
메가커피,hot,로얄밀크티,106.2,2026-03-17 20:08:27
메가커피,hot,고구마라때,0.0,2026-03-17 20:08:27
메가커피,hot,토피넛라떼,46.4,2026-03-17 20:08:27
메가커피,hot,캐모마일,0.0,2026-03-17 20:08:27
메가커피,hot,페퍼민트,0.0,2026-03-17 20:08:27
메가커피,hot,녹차라떼,114.5,2026-03-17 20:08:27
메가커피,hot,얼그레이,73.4,2026-03-17 20:08:27
메가커피,hot,자몽차,0.0,2026-03-17 20:08:27
메가커피,hot,레몬차,0.0,2026-03-17 20:08:27
메가커피,hot,유자차,0.0,2026-03-17 20:08:27
메가커피,hot,허니자몽블랙티,61.5,2026-03-17 20:08:27
메가커피,hot,사과유자차,0.0,2026-03-17 20:08:27
메가커피,hot,왕메가 사과유자차,0.0,2026-03-17 20:08:27
메가커피,hot,상큼 리치티,0.0,2026-03-17 20:08:27
메가커피,ice,아메리카노,199.7,2026-03-17 20:08:27
메가커피,ice,메가리카노,290.8,2026-03-17 20:08:27
메가커피,ice,꿀아메리카노,198.6,2026-03-17 20:08:27
메가커피,ice,헤이즐넛 아메리카노,196.7,2026-03-17 20:08:27
메가커피,ice,바닐라 아메리카노,211.5,2026-03-17 20:08:27
메가커피,ice,헛개리카노,181.2,2026-03-17 20:08:27
메가커피,ice,왕메가 헛개리카노,234.6,2026-03-17 20:08:27
메가커피,ice,카페라떼,199.1,2026-03-17 20:08:27
메가커피,ice,왕메가 카페라떼,347.1,2026-03-17 20:08:27
메가커피,ice,카푸치노,192.3,2026-03-17 20:08:27
메가커피,ice,바닐라라떼,195.1,2026-03-17 20:08:27
메가커피,ice,헤이즐넛라떼,216.9,2026-03-17 20:08:27
메가커피,ice,카라멜마끼아또,200.0,2026-03-17 20:08:27
메가커피,ice,카페모카,232.5,2026-03-17 20:08:27
메가커피,ice,큐브라떼,313.4,2026-03-17 20:08:27
메가커피,ice,할메가커피,99.6,2026-03-17 20:08:27
메가커피,ice,왕할메가커피,196.4,2026-03-17 20:08:27
메가커피,ice,연유라떼,165.9,2026-03-17 20:08:27
메가커피,ice,라이트 바닐라 아몬드라떼,206.2,2026-03-17 20:08:27
메가커피,ice,할메가 미숫커피,172.9,2026-03-17 20:08:27
메가커피,hot,hot 콜드브루,217.0,2026-03-17 20:08:27
메가커피,hot,hot 콜드브루 라떼,216.7,2026-03-17 20:08:27
메가커피,ice,ice 콜드브루,156.4,2026-03-17 20:08:27
메가커피,ice,ice 콜드브루라떼,131.7,2026-03-17 20:08:27
메가커피,hot,hot 디카페인 콜드브루,13.1,2026-03-17 20:08:27
메가커피,hot,hot 디카페인 콜드브루라떼,14.0,2026-03-17 20:08:27
메가커피,ice,ice 디카페인 콜드브루,8.7,2026-03-17 20:08:27
메가커피,ice,ice 디카페인 콜드브루라떼,9.9,2026-03-17 20:08:27
메가커피,ice,아이스초코,21.3,2026-03-17 20:08:27
메가커피,ice,왕메가초코,35.6,2026-03-17 20:08:27
메가커피,ice,ice 곡물라떼,0.0,2026-03-17 20:08:27
메가커피,ice,ice 로얄밀크티,118.1,2026-03-17 20:08:27
메가커피,ice,ice 녹차라떼,135.9,2026-03-17 20:08:27
메가커피,ice,ice 고구마라떼,0.0,2026-03-17 20:08:27
메가커피,ice,ice 토피넛라떼,54.0,2026-03-17 20:08:27
메가커피,ice,ice 오레오초코라떼,11.1,2026-03-17 20:08:27
메가커피,ice,ice 딸기라떼,0.0,2026-03-17 20:08:27
메가커피,ice,ice 캐모마일,0.0,2026-03-17 20:08:27
메가커피,ice,ice 패퍼민트,0.0,2026-03-17 20:08:27
메가커피,ice,ice 녹차,78.5,2026-03-17 20:08:27
메가커피,ice,ice 얼그레이,87.2,2026-03-17 20:08:27
메가커피,ice,복숭아 아이스티,24.0,2026-03-17 20:08:27
메가커피,ice,왕메가아이스티,41.2,2026-03-17 20:08:27
메가커피,ice,제로슈가복숭아 아이스티,14.5,2026-03-17 20:08:27
메가커피,ice,자몽차,0.0,2026-03-17 20:08:27
메가커피,ice,레몬차,0.0,2026-03-17 20:08:27
메가커피,ice,유자차,0.0,2026-03-17 20:08:27
메가커피,ice,허니 자몽 블랙티,70.9,2026-03-17 20:08:27
메가커피,ice,사과 유자차,0.0,2026-03-17 20:08:27
메가커피,ice,상큼 리치티,0.0,2026-03-17 20:08:27
메가커피,ice,딸기 주스,0.0,2026-03-17 20:08:27
메가커피,ice,딸기 바나나주스,0.0,2026-03-17 20:08:27
메가커피,ice,블루베리플럼주스,0.0,2026-03-17 20:08:27
메가커피,ice,골드키위주스,0.0,2026-03-17 20:08:27
메가커피,ice,체리콕,23.9,2026-03-17 20:08:27
메가커피,ice,레몬에이드,0.0,2026-03-17 20:08:27
메가커피,ice,블루레몬에이드,0.0,2026-03-17 20:08:27
메가커피,ice,자몽에이드,0.0,2026-03-17 20:08:27
메가커피,ice,청포도에이드,0.0,2026-03-17 20:08:27
메가커피,ice,메가에이드,0.0,2026-03-17 20:08:27
메가커피,ice,라임모히또,0.0,2026-03-17 20:08:27
메가커피,ice,제로부스트에이드,0.0,2026-03-17 20:08:27
메가커피,ice,플레인요거트 스무디,0.0,2026-03-17 20:08:27
메가커피,ice,망고요거트 스무디,0.0,2026-03-17 20:08:27
메가커피,ice,딸기요거트 스무디,0.0,2026-03-17 20:08:27
메가커피,ice,블루베리요거트 스무디,0.0,2026-03-17 20:08:27
메가커피,ice,귤톡톡젤리 스무디,0.0,2026-03-17 20:08:27
메가커피,ice,쿠키프라페,6.8,2026-03-17 20:08:27
메가커피,ice,민트프라페,5.6,2026-03-17 20:08:27
메가커피,ice,리얼초코 프라페,32.1,2026-03-17 20:08:27
메가커피,ice,녹차 프라페,198.8,2026-03-17 20:08:27
메가커피,ice,커피 프라페,162.6,2026-03-17 20:08:27
메가커피,ice,딸기쿠키 프라페,2.6,2026-03-17 20:08:27
메가커피,ice,플레인퐁 크러쉬,0.0,2026-03-17 20:08:27
메가커피,ice,딸기퐁 크러쉬,0.0,2026-03-17 20:08:27
메가커피,ice,바나나퐁 크러쉬,0.0,2026-03-17 20:08:27
메가커피,ice,초코허니퐁 크러쉬,10.0,2026-03-17 20:08:27
메가커피,ice,코코넛커피 스무디,173.8,2026-03-17 20:08:27
메가커피,ice,골드망고스무디,0.0,2026-03-17 20:08:27
메가커피,ice,흑당 버블라떼,0.0,2026-03-17 20:08:27
메가커피,ice,흑당 버블 밀크티라떼,14.3,2026-03-17 20:08:27
메가커피,ice,흑당 라떼,0.0,2026-03-17 20:08:27
메가커피,ice,흑당 밀크티라떼,30.6,2026-03-17 20:08:27
메가커피,ice,꿀수박주스,0.0,2026-03-17 20:08:27
메가커피,ice,꿀수박 화채스무디,0.0,2026-03-17 20:08:27
메가커피,ice,꿀복숭아 스무디,0.0,2026-03-17 20:08:27
메가커피,ice,저당POPPOP매실 아이스티,0.0,2026-03-17 20:08:27
메가커피,ice,콜드브루 아샷추크러쉬,137.4,2026-03-17 20:08:27
메가커피,hot,디카페인 에스프레소,4.9,2026-03-17 20:08:27
메가커피,hot,디카페인 아메리카노,11.4,2026-03-17 20:08:27
메가커피,hot,디카페인 꿀아메리카노,11.3,2026-03-17 20:08:27
메가커피,hot,디카페인 헤이즐넛 아메리카노,6.9,2026-03-17 20:08:27
메가커피,hot,디카페인 바닐라아메리카노,9.1,2026-03-17 20:08:27
메가커피,hot,디카페인 헛개리카노,9.1,2026-03-17 20:08:27
메가커피,hot,디카페인 카페라떼,17.0,2026-03-17 20:08:27
메가커피,hot,디카페인 카푸치노,11.3,2026-03-17 20:08:27
메가커피,hot,디카페인 바닐라라떼,8.9,2026-03-17 20:08:27
메가커피,hot,디카페인 헤이즐넛라떼,9.4,2026-03-17 20:08:27
메가커피,hot,디카페인 카라멜마끼아또,6.5,2026-03-17 20:08:27
메가커피,hot,디카페인 카페모카,26.8,2026-03-17 20:08:27
메가커피,hot,디카페인 연유라떼,9.8,2026-03-17 20:08:27
메가커피,ice,디카페인 아메리카노,10.8,2026-03-17 20:08:27
메가커피,ice,디카페인 꿀아메리카노,8.7,2026-03-17 20:08:27
메가커피,ice,디카페인 헤이즐넛아메리카노,11.2,2026-03-17 20:08:27
메가커피,ice,디카페인 바닐라아메리카노,8.8,2026-03-17 20:08:27
메가커피,ice,디카페인 헛개리카노,5.3,2026-03-17 20:08:27
메가커피,ice,디카페인 왕메가헛개리카노,13.1,2026-03-17 20:08:27
메가커피,ice,디카페인 카페라떼,14.4,2026-03-17 20:08:27
메가커피,ice,디카페인 왕메가라페라떼,11.2,2026-03-17 20:08:27
메가커피,ice,디카페인 카푸치노,11.4,2026-03-17 20:08:27
메가커피,ice,디카페인 바닐라라떼,8.4,2026-03-17 20:08:27
메가커피,ice,디카페인 헤이즐넛라떼,4.8,2026-03-17 20:08:27
메가커피,ice,디카페인 카라멜마끼아또,6.5,2026-03-17 20:08:27
메가커피,ice,디카페인 카페모카,22.5,2026-03-17 20:08:27
메가커피,ice,디카페인 연유라떼,14.9,2026-03-17 20:08:27
메가커피,ice,디카페인 메가리카노,10.9,2026-03-17 20:08:27
메가커피,ice,디카페인 라이트바닐라아몬드라떼,9.5,2026-03-17 20:08:27
컴포즈,hot,에스프레소,156.0,2026-03-17 20:08:27
컴포즈,ice,빅포즈 아메리카노,312.0,2026-03-17 20:08:27
컴포즈,hot,아메리카노,156.0,2026-03-17 20:08:27
컴포즈,ice,아메리카노,156.0,2026-03-17 20:08:27
컴포즈,hot,카페라떼,208.0,2026-03-17 20:08:27
컴포즈,ice,카페라떼,208.0,2026-03-17 20:08:27
컴포즈,hot,카푸치노,208.0,2026-03-17 20:08:27
컴포즈,hot,바닐라라떼,208.0,2026-03-17 20:08:27
컴포즈,ice,바닐라라떼,208.0,2026-03-17 20:08:27
컴포즈,hot,헤이즐넛라떼,208.0,2026-03-17 20:08:27
컴포즈,ice,헤이즐넛라떼,208.0,2026-03-17 20:08:27
컴포즈,hot,돌체라떼,208.0,2026-03-17 20:08:27
컴포즈,ice,돌체라떼,208.0,2026-03-17 20:08:27
컴포즈,ice,흑당 카페라떼,104.0,2026-03-17 20:08:27
컴포즈,hot,카라멜마끼아또,208.0,2026-03-17 20:08:27
컴포즈,ice,카라멜마끼아또,208.0,2026-03-17 20:08:27
컴포즈,hot,카페모카,208.0,2026-03-17 20:08:27
컴포즈,ice,카페모카,208.0,2026-03-17 20:08:27
컴포즈,ice,달고나라떼,156.0,2026-03-17 20:08:27
컴포즈,ice,아인슈페너라떼,208.0,2026-03-17 20:08:27
컴포즈,ice,빅포즈 아샷추,186.0,2026-03-17 20:08:27
컴포즈,ice,아샷추,176.2,2026-03-17 20:08:27
컴포즈,hot,콜드브루,85.0,2026-03-17 20:08:27
컴포즈,ice,콜드브루,85.0,2026-03-17 20:08:27
컴포즈,hot,콜드브루라떼,85.0,2026-03-17 20:08:27
컴포즈,ice,콜드브루라떼,85.0,2026-03-17 20:08:27
컴포즈,ice,아인슈페너,85.0,2026-03-17 20:08:27
컴포즈,hot,디카페인 콜드브루,4.7,2026-03-17 20:08:27
컴포즈,ice,디카페인 콜드브루,4.7,2026-03-17 20:08:27
컴포즈,hot,디카페인 콜드브루라떼,4.7,2026-03-17 20:08:27
컴포즈,ice,디카페인 콜드브루라떼,4.7,2026-03-17 20:08:27
컴포즈,hot,디카페인 아메리카노,9.2,2026-03-17 20:08:27
컴포즈,ice,디카페인 아메리카노,9.2,2026-03-17 20:08:27
컴포즈,ice,빅포즈 디카페인아메리카노,18.4,2026-03-17 20:08:27
컴포즈,hot,디카페인 카페라떼,9.2,2026-03-17 20:08:27
컴포즈,ice,디카페인 카페라떼,9.2,2026-03-17 20:08:27
컴포즈,ice,빅포즈 디카페인라떼,18.4,2026-03-17 20:08:27
컴포즈,hot,디카페인 바닐라라떼,61.2,2026-03-17 20:08:27
컴포즈,ice,디카페인 바닐라라떼,61.2,2026-03-17 20:08:27
컴포즈,hot,디카페인 헤이즐넛라떼,61.2,2026-03-17 20:08:27
컴포즈,ice,디카페인 헤이즐넛라떼,61.2,2026-03-17 20:08:27
컴포즈,hot,디카페인 돌체라떼,61.2,2026-03-17 20:08:27
컴포즈,ice,디카페인 돌체라떼,61.2,2026-03-17 20:08:27
컴포즈,hot,더블초코라떼,1.65,2026-03-17 20:08:27
컴포즈,ice,더블초코라떼,1.65,2026-03-17 20:08:27
컴포즈,hot,녹차라떼,112.7,2026-03-17 20:08:27
컴포즈,ice,녹차라떼,112.7,2026-03-17 20:08:27
컴포즈,hot,쿠키초코라떼,0.2,2026-03-17 20:08:27
컴포즈,ice,쿠키초코라떼,0.2,2026-03-17 20:08:27
컴포즈,hot,밀크티,170.0,2026-03-17 20:08:27
컴포즈,ice,밀크티,170.0,2026-03-17 20:08:27
컴포즈,ice,흑당밀크티,0.0,2026-03-17 20:08:27
컴포즈,ice,리얼초코자바칩 프라페,9.7,2026-03-17 20:08:27
컴포즈,ice,민트초코오레오 프라페,0.0,2026-03-17 20:08:27
컴포즈,ice,쿠키초코 프라페,0.33,2026-03-17 20:08:27
컴포즈,ice,모카자바칩 프라페,165.7,2026-03-17 20:08:27
컴포즈,ice,녹차프라페,193.0,2026-03-17 20:08:27
컴포즈,ice,커피 밀크쉐이크,156.0,2026-03-17 20:08:27
스타벅스,ice,돌체 콜드 브루,155.0,2026-03-17 20:08:27
스타벅스,ice,리저브 나이트로,190.0,2026-03-17 20:08:27
스타벅스,ice,리저브 콜드 브루,190.0,2026-03-17 20:08:27
스타벅스,ice,민트 콜드 브루,415.0,2026-03-17 20:08:27
스타벅스,ice,바닐라 크림 콜드 브루,155.0,2026-03-17 20:08:27
스타벅스,ice,시그니처 더 블랙 콜드 브루,680.0,2026-03-17 20:08:27
스타벅스,ice,오트 콜드 브루,65.0,2026-03-17 20:08:27
스타벅스,ice,콜드 브루,155.0,2026-03-17 20:08:27
스타벅스,ice,콜드 브루(Trenta),360.0,2026-03-17 20:08:27
스타벅스,ice,콜드 브루 몰트,190.0,2026-03-17 20:08:27
스타벅스,ice,콜드 브루 플로트,190.0,2026-03-17 20:08:27
스타벅스,ice,흑임자 크림 콜드 브루,200.0,2026-03-17 20:08:27
스타벅스,ice,아이스 커피,140.0,2026-03-17 20:08:27
스타벅스,ice,오늘의 커피,260.0,2026-03-17 20:08:27
스타벅스,ice,번트 카라멜 라떼,210.0,2026-03-17 20:08:27
스타벅스,ice,에스프레소 콘 파나,75.0,2026-03-17 20:08:27
스타벅스,ice,에스프레소 마키아또,75.0,2026-03-17 20:08:27
스타벅스,ice,스타벅스 1호점 카페 아메리카노,210.0,2026-03-17 20:08:27
스타벅스,ice,아이스 스타벅스 1호점 카페 아메리카노,210.0,2026-03-17 20:08:27
스타벅스,ice,아이스 카페 아메리카노,150.0,2026-03-17 20:08:27
스타벅스,ice,카페 아메리카노,150.0,2026-03-17 20:08:27
스타벅스,ice,아이스 카라멜 마키아또,75.0,2026-03-17 20:08:27
스타벅스,ice,카라멜 마키아또,75.0,2026-03-17 20:08:27
스타벅스,ice,아이스 카푸치노,75.0,2026-03-17 20:08:27
스타벅스,ice,카푸치노,75.0,2026-03-17 20:08:27
스타벅스,ice,라벤더 카페 브레베,105.0,2026-03-17 20:08:27
스타벅스,ice,바닐라 빈 라떼,210.0,2026-03-17 20:08:27
스타벅스,ice,스타벅스 돌체 라떼,150.0,2026-03-17 20:08:27
스타벅스,ice,아이스 바닐라 빈 라떼,210.0,2026-03-17 20:08:27
스타벅스,ice,아이스 스타벅스 돌체 라떼,150.0,2026-03-17 20:08:27
스타벅스,ice,아이스 인절미 크림 라떼,75.0,2026-03-17 20:08:27
스타벅스,ice,아이스 카페 라떼,75.0,2026-03-17 20:08:27
스타벅스,ice,인절미 크림 라떼,75.0,2026-03-17 20:08:27
스타벅스,ice,카페 라떼,75.0,2026-03-17 20:08:27
스타벅스,ice,아이스 카페 모카,95.0,2026-03-17 20:08:27
스타벅스,ice,아이스 화이트 초콜릿 모카,75.0,2026-03-17 20:08:27
스타벅스,ice,카페 모카,95.0,2026-03-17 20:08:27
스타벅스,ice,클래식 민트 모카,210.0,2026-03-17 20:08:27
스타벅스,ice,화이트 초콜릿 모카,75.0,2026-03-17 20:08:27
스타벅스,ice,아이스 플랫 화이트,130.0,2026-03-17 20:08:27
스타벅스,ice,플랫 화이트,130.0,2026-03-17 20:08:27
스타벅스,ice,바닐라 스타벅스 더블 샷,150.0,2026-03-17 20:08:27
스타벅스,ice,블론드 바닐라 더블 샷 마키아또,170.0,2026-03-17 20:08:27
스타벅스,ice,사케라또 아포가토,210.0,2026-03-17 20:08:27
스타벅스,ice,스파클링 시트러스 에스프레소,105.0,2026-03-17 20:08:27
스타벅스,ice,아이스 블론드 바닐라 더블 샷 마키아또,170.0,2026-03-17 20:08:27
스타벅스,ice,에스프레소,75.0,2026-03-17 20:08:27
스타벅스,ice,커피 스타벅스 더블 샷,150.0,2026-03-17 20:08:27
스타벅스,ice,클래식 아포가토,210.0,2026-03-17 20:08:27
스타벅스,ice,헤이즐넛 스타벅스 더블 샷,150.0,2026-03-17 20:08:27
스타벅스,ice,자몽 망고 코코 프라푸치노,0.0,2026-03-17 20:08:27
스타벅스,ice,더블 에스프레소 칩 프라푸치노,130.0,2026-03-17 20:08:27
스타벅스,ice,에스프레소 프라푸치노,120.0,2026-03-17 20:08:27
스타벅스,ice,자바 칩 프라푸치노,100.0,2026-03-17 20:08:27
스타벅스,ice,카라멜 프라푸치노,85.0,2026-03-17 20:08:27
스타벅스,ice,딸기 글레이즈드 크림 프라푸치노,5.0,2026-03-17 20:08:27
스타벅스,ice,바나나 아몬드 오트 프라푸치노,0.0,2026-03-17 20:08:27
스타벅스,ice,인절미 제주 녹차 크림 프라푸치노,37.0,2026-03-17 20:08:27
스타벅스,ice,제주 까망 크림 프라푸치노,0.0,2026-03-17 20:08:27
스타벅스,ice,제주 녹차 크림 프라푸치노,60.0,2026-03-17 20:08:27
스타벅스,ice,제주 쑥떡 크림 프라푸치노,0.0,2026-03-17 20:08:27
스타벅스,ice,초코 바나나 아몬드 오트 프라푸치노,5.0,2026-03-17 20:08:27
스타벅스,ice,초콜릿 크림 칩 프라푸치노,10.0,2026-03-17 20:08:27
스타벅스,ice,화이트 타이거 프라푸치노,0.0,2026-03-17 20:08:27
스타벅스,ice,더블 머스캣 블렌디드,0.0,2026-03-17 20:08:27
스타벅스,ice,북한산 레몬 얼 그레이 블렌디드,8.0,2026-03-17 20:08:27
스타벅스,ice,스타벅스 클래식 밀크티 블렌디드,60.0,2026-03-17 20:08:27
스타벅스,ice,여수 바다 유자 블렌디드,0.0,2026-03-17 20:08:27
스타벅스,ice,한라봉 천혜향 블렌디드,0.0,2026-03-17 20:08:27
스타벅스,ice,딸기 딜라이트 요거트 블렌디드,0.0,2026-03-17 20:08:27
스타벅스,ice,망고 바나나 블렌디드,0.0,2026-03-17 20:08:27
스타벅스,ice,스타벅스 판다 쿠키 블렌디드,0.0,2026-03-17 20:08:27
스타벅스,ice,피치 망고 블렌디드,0.0,2026-03-17 20:08:27
스타벅스,ice,딸기 아사이 레모네이드 스타벅스 리프레셔,30.0,2026-03-17 20:08:27
스타벅스,ice,딸기 아사이 레모네이드 스타벅스 리프레셔(Trenta),73.0,2026-03-17 20:08:27
스타벅스,ice,골든 만다린 홉 피지오,16.0,2026-03-17 20:08:27
스타벅스,ice,쿨 라임 피지오,110.0,2026-03-17 20:08:27
스타벅스,ice,민트 블렌드 티,0.0,2026-03-17 20:08:27
스타벅스,ice,아이스 민트 블렌드 티,0.0,2026-03-17 20:08:27
스타벅스,ice,아이스 얼 그레이 티,50.0,2026-03-17 20:08:27
스타벅스,ice,아이스 유스베리 티,20.0,2026-03-17 20:08:27
스타벅스,ice,아이스 유자 민트 티,0.0,2026-03-17 20:08:27
스타벅스,ice,아이스 잉글리쉬 브렉퍼스트 티,40.0,2026-03-17 20:08:27
스타벅스,ice,아이스 제주 유기농 녹차로 만든 티,16.0,2026-03-17 20:08:27
스타벅스,ice,아이스 제주팔삭 & 자몽 허니 블랙 티,27.0,2026-03-17 20:08:27
스타벅스,ice,아이스 캐모마일 블렌드 티,0.0,2026-03-17 20:08:27
스타벅스,ice,아이스 히비스커스 블렌드 티,0.0,2026-03-17 20:08:27
스타벅스,ice,얼 그레이 티,70.0,2026-03-17 20:08:27
스타벅스,ice,유스베리 티,20.0,2026-03-17 20:08:27
스타벅스,ice,유자 민트 티,0.0,2026-03-17 20:08:27
스타벅스,ice,잉글리쉬 브렉퍼스트 티,70.0,2026-03-17 20:08:27
스타벅스,ice,자몽 허니 블랙 티,70.0,2026-03-17 20:08:27
스타벅스,ice,제주 유기농 녹차로 만든 티,16.0,2026-03-17 20:08:27
스타벅스,ice,제주팔삭 & 자몽 허니 블랙 티,70.0,2026-03-17 20:08:27
스타벅스,ice,캐모마일 블렌드 티,0.0,2026-03-17 20:08:27
스타벅스,ice,히비스커스 블렌드 티,0.0,2026-03-17 20:08:27
스타벅스,ice,MINI 라임 패션 티 with 팔삭 셔벗,35.0,2026-03-17 20:08:27
스타벅스,ice,레드 파워 패션 티,33.0,2026-03-17 20:08:27
스타벅스,ice,레몬 캐모마일 블렌드 티,0.0,2026-03-17 20:08:27
스타벅스,ice,복숭아 아이스 티(Trenta),70.0,2026-03-17 20:08:27
스타벅스,ice,복숭아 아이스 티,30.0,2026-03-17 20:08:27
스타벅스,ice,복숭아 핫 티,70.0,2026-03-17 20:08:27
스타벅스,ice,아이스 레몬 캐모마일 블렌드 티,0.0,2026-03-17 20:08:27
스타벅스,ice,아이스 자몽 허니 블랙 티(Trenta),75.0,2026-03-17 20:08:27
스타벅스,ice,아이스 자몽 허니 블랙 티,30.0,2026-03-17 20:08:27
스타벅스,ice,녹차 티라미수 라떼,75.0,2026-03-17 20:08:27
스타벅스,ice,스타벅스 클래식 밀크티,190.0,2026-03-17 20:08:27
스타벅스,ice,스타벅스 클래식 밀크티 보틀,195.0,2026-03-17 20:08:27
스타벅스,ice,아이스 녹차 티라미수 라떼,75.0,2026-03-17 20:08:27
스타벅스,ice,아이스 스타벅스 클래식 밀크티,80.0,2026-03-17 20:08:27
스타벅스,ice,스타벅스 딸기 라떼,0.0,2026-03-17 20:08:27
스타벅스,ice,딸기 콜드폼 초콜릿,5.0,2026-03-17 20:08:27
스타벅스,ice,시그니처 핫 초콜릿,15.0,2026-03-17 20:08:27
스타벅스,ice,아이스 시그니처 초콜릿,15.0,2026-03-17 20:08:27
스타벅스,ice,아이스 티라미수 초콜릿,10.0,2026-03-17 20:08:27
스타벅스,ice,티라미수 초콜릿,10.0,2026-03-17 20:08:27
카페게이트,hot,아메리카노,137.5,2026-03-17 20:08:27
카페게이트,ice,아메리카노,137.5,2026-03-17 20:08:27
카페게이트,ice,자이언트커피,206.3,2026-03-17 20:08:27
카페게이트,hot,믹스커피,70.3,2026-03-17 20:08:27
카페게이트,ice,믹스커피,70.3,2026-03-17 20:08:27
카페게이트,hot,카페라떼,137.5,2026-03-17 20:08:27
카페게이트,ice,카페라떼,137.5,2026-03-17 20:08:27
카페게이트,hot,바닐라라떼,137.5,2026-03-17 20:08:27
카페게이트,ice,바닐라라떼,137.5,2026-03-17 20:08:27
카페게이트,hot,카라멜마끼아또,137.5,2026-03-17 20:08:27
카페게이트,ice,카라멜마끼아또,137.5,2026-03-17 20:08:27
카페게이트,hot,달고나커피,44.2,2026-03-17 20:08:27
카페게이트,ice,달고나커피,44.2,2026-03-17 20:08:27
카페게이트,hot,아인슈페너,137.5,2026-03-17 20:08:27
카페게이트,ice,아인슈페너,137.5,2026-03-17 20:08:27
카페게이트,hot,카페모카,59.9,2026-03-17 20:08:27
카페게이트,ice,카페모카,59.9,2026-03-17 20:08:27
카페게이트,hot,돌체라떼,137.5,2026-03-17 20:08:27
카페게이트,ice,돌체라떼,137.5,2026-03-17 20:08:27
카페게이트,hot,플랫화이트,137.5,2026-03-17 20:08:27
카페게이트,ice,플랫화이트,137.5,2026-03-17 20:08:27
카페게이트,ice,솔티카라멜크림라떼,116.8,2026-03-17 20:08:27
카페게이트,ice,콜드브루,175.3,2026-03-17 20:08:27
카페게이트,ice,콜드브루라떼,175.3,2026-03-17 20:08:27
카페게이트,ice,바닐라크림콜드브루,116.8,2026-03-17 20:08:27
카페게이트,ice,돌체콜드브루,175.3,2026-03-17 20:08:27
카페게이트,ice,콜드브루(D),8.4,2026-03-17 20:08:27
카페게이트,ice,콜드브루라떼(D),8.4,2026-03-17 20:08:27
카페게이트,ice,바닐라크림콜드브루(D),5.8,2026-03-17 20:08:27
카페게이트,ice,돌체콜드브루(D),8.4,2026-03-17 20:08:27
카페게이트,hot,리얼초코라떼,5.4,2026-03-17 20:08:27
카페게이트,ice,리얼초코라떼,5.4,2026-03-17 20:08:27
카페게이트,hot,녹차라떼,92.9,2026-03-17 20:08:27
카페게이트,ice,녹차라떼,92.9,2026-03-17 20:08:27
카페게이트,hot,토피넛라떼,6.5,2026-03-17 20:08:27
카페게이트,ice,토피넛라떼,6.5,2026-03-17 20:08:27
카페게이트,hot,밀크티라떼,45.8,2026-03-17 20:08:27
카페게이트,ice,밀크티라떼,45.8,2026-03-17 20:08:27
카페게이트,hot,브라운샷버블,103.1,2026-03-17 20:08:27
카페게이트,ice,브라운샷버블,103.1,2026-03-17 20:08:27
카페게이트,hot,딥초코버블,5.4,2026-03-17 20:08:27
카페게이트,ice,딥초코버블,5.4,2026-03-17 20:08:27
카페게이트,ice,리얼초코프라페,7.0,2026-03-17 20:08:27
카페게이트,ice,자바칩프라페,18.2,2026-03-17 20:08:27
카페게이트,ice,녹차프라페,111.5,2026-03-17 20:08:27
카페게이트,ice,복숭아아이스티,7.1,2026-03-17 20:08:27
카페게이트,ice,자이언트아이스티,10.7,2026-03-17 20:08:27
카페게이트,hot,허브티(잉머),14.6,2026-03-17 20:08:27
카페게이트,ice,허브티(잉머),14.6,2026-03-17 20:08:27
카페게이트,hot,허브티(얼그),14.6,2026-03-17 20:08:27
카페게이트,ice,허브티(얼그),14.6,2026-03-17 20:08:27
카페게이트,hot,허니자몽블랙티,14.6,2026-03-17 20:08:27
카페게이트,ice,허니자몽블랙티,14.6,2026-03-17 20:08:27
카페게이트,hot,피치얼그레이,14.6,2026-03-17 20:08:27
카페게이트,ice,피치얼그레이,14.6,2026-03-17 20:08:27
카페게이트,hot,오곡라떼,0.0,2026-03-17 20:08:27
카페게이트,ice,오곡라떼,0.0,2026-03-17 20:08:27
카페게이트,ice,딸기라떼,0.0,2026-03-17 20:08:27
카페게이트,hot,고구마라떼,0.0,2026-03-17 20:08:27
카페게이트,ice,고구마라떼,0.0,2026-03-17 20:08:27
카페게이트,hot,민트쿠키라떼,0.0,2026-03-17 20:08:27
카페게이트,ice,민트쿠키라떼,0.0,2026-03-17 20:08:27
카페게이트,hot,브라운슈가버블,0.0,2026-03-17 20:08:27
카페게이트,ice,브라운슈가버블,0.0,2026-03-17 20:08:27
카페게이트,ice,딸기버블,0.0,2026-03-17 20:08:27
카페게이트,ice,죠리퐁 플레인,0.0,2026-03-17 20:08:27
카페게이트,ice,죠리퐁밀크카라멜,0.0,2026-03-17 20:08:27
카페게이트,ice,쿠키 프라페,0.0,2026-03-17 20:08:27
카페게이트,ice,민트쿠키프라페,0.0,2026-03-17 20:08:27
카페게이트,ice,딸기스노우,0.0,2026-03-17 20:08:27
카페게이트,ice,딸기크림쿠키,0.0,2026-03-17 20:08:27
카페게이트,ice,애플망고스무디,0.0,2026-03-17 20:08:27
카페게이트,ice,청포도스무디,0.0,2026-03-17 20:08:27
카페게이트,ice,딸기한라봉,0.0,2026-03-17 20:08:27
카페게이트,ice,플레인요거트,0.0,2026-03-17 20:08:27
카페게이트,ice,딸기 요거트,0.0,2026-03-17 20:08:27
카페게이트,ice,블루베리 요거트,0.0,2026-03-17 20:08:27
카페게이트,ice,복숭아 요거,0.0,2026-03-17 20:08:27
카페게이트,ice,딸기피치요거트,0.0,2026-03-17 20:08:27
카페게이트,hot,자몽티,0.0,2026-03-17 20:08:27
카페게이트,ice,자몽티,0.0,2026-03-17 20:08:27
카페게이트,hot,유자레몬,0.0,2026-03-17 20:08:27
카페게이트,ice,유자레몬,0.0,2026-03-17 20:08:27
카페게이트,hot,청귤티,0.0,2026-03-17 20:08:27
카페게이트,ice,청귤티,0.0,2026-03-17 20:08:27
카페게이트,ice,체리콕에이드,0.0,2026-03-17 20:08:27
카페게이트,ice,레몬에이드,0.0,2026-03-17 20:08:27
카페게이트,ice,레몬딸기에이드,0.0,2026-03-17 20:08:27
카페게이트,ice,자몽에이드,0.0,2026-03-17 20:08:27
카페게이트,ice,청귤에이드,0.0,2026-03-17 20:08:27
카페게이트,ice,코코에이드 청포도,0.0,2026-03-17 20:08:27
더벤티,hot,아메리카노,192.0,2026-03-17 20:08:27
더벤티,ice,아메리카노,192.0,2026-03-17 20:08:27
더벤티,ice,아메리카노 벤티,383.0,2026-03-17 20:08:27
더벤티,hot,카페라떼,296.0,2026-03-17 20:08:27
더벤티,ice,카페라떼,296.0,2026-03-17 20:08:27
더벤티,ice,카페라떼벤티,591.0,2026-03-17 20:08:27
더벤티,hot,오트카페라떼,296.0,2026-03-17 20:08:27
더벤티,ice,오트카페라떼,296.0,2026-03-17 20:08:27
더벤티,ice,오트카페라떼 벤티,591.0,2026-03-17 20:08:27
더벤티,hot,바닐라딥라떼,296.0,2026-03-17 20:08:27
더벤티,ice,바닐라딥라떼,296.0,2026-03-17 20:08:27
더벤티,ice,바닐라딥라떼 벤티,591.0,2026-03-17 20:08:27
더벤티,hot,헤이즐넛딥라떼,296.0,2026-03-17 20:08:27
더벤티,ice,헤이즐넛딥라떼,296.0,2026-03-17 20:08:27
더벤티,ice,헤이즐넛딥라떼 벤티,591.0,2026-03-17 20:08:27
더벤티,hot,카라멜마끼아또,296.0,2026-03-17 20:08:27
더벤티,ice,카라멜마끼아또,296.0,2026-03-17 20:08:27
더벤티,ice,카라멜마끼아또 벤티,591.0,2026-03-17 20:08:27
더벤티,hot,믹스커피,134.0,2026-03-17 20:08:27
더벤티,ice,믹스커피,134.0,2026-03-17 20:08:27
더벤티,ice,믹스커피벤티,202.0,2026-03-17 20:08:27
더벤티,hot,연유라떼,296.0,2026-03-17 20:08:27
더벤티,ice,연유라떼,296.0,2026-03-17 20:08:27
더벤티,ice,연유라떼벤티,591.0,2026-03-17 20:08:27
더벤티,hot,카페모카,302.0,2026-03-17 20:08:27
더벤티,ice,카페모카,302.0,2026-03-17 20:08:27
더벤티,ice,카페모카 벤티,604.0,2026-03-17 20:08:27
더벤티,hot,코코넛라떼,296.0,2026-03-17 20:08:27
더벤티,ice,코코넛라떼,296.0,2026-03-17 20:08:27
더벤티,ice,코코넛라떼 벤티,591.0,2026-03-17 20:08:27
더벤티,ice,아이스크림라떼,296.0,2026-03-17 20:08:27
더벤티,ice,아이스크림라떼 벤티,591.0,2026-03-17 20:08:27
더벤티,ice,콜드브루,92.0,2026-03-17 20:08:27
더벤티,ice,콜드브루벤티,158.0,2026-03-17 20:08:27
더벤티,ice,콜드브루라떼,92.0,2026-03-17 20:08:27
더벤티,ice,콜드브루라떼 벤티,158.0,2026-03-17 20:08:27
더벤티,ice,바닐라크림 콜드브루,79.0,2026-03-17 20:08:27
더벤티,ice,바닐라크림 콜드브루 벤티,158.0,2026-03-17 20:08:27
더벤티,ice,헤이즐넛크림 콜드브루,79.0,2026-03-17 20:08:27
더벤티,ice,헤이즐넛크림 콜드브루 벤티,158.0,2026-03-17 20:08:27
더벤티,hot,로얄밀크티,41.0,2026-03-17 20:08:27
더벤티,ice,로얄밀크티,41.0,2026-03-17 20:08:27
더벤티,ice,로얄밀크티 벤티,81.0,2026-03-17 20:08:27
더벤티,hot,미숫가루,0.0,2026-03-17 20:08:27
더벤티,ice,미숫가루,0.0,2026-03-17 20:08:27
더벤티,ice,미숫가루 벤티,0.0,2026-03-17 20:08:27
더벤티,hot,녹차라떼,69.0,2026-03-17 20:08:27
더벤티,ice,녹차라떼,69.0,2026-03-17 20:08:27
더벤티,ice,녹차라떼 벤티,138.0,2026-03-17 20:08:27
더벤티,hot,초코라떼,10.0,2026-03-17 20:08:27
더벤티,ice,초코라떼,10.0,2026-03-17 20:08:27
더벤티,ice,초코라떼 벤티,20.0,2026-03-17 20:08:27
더벤티,hot,멜팅초코,10.0,2026-03-17 20:08:27
더벤티,ice,멜팅초코,10.0,2026-03-17 20:08:27
더벤티,ice,멜팅초코 벤티,17.0,2026-03-17 20:08:27
더벤티,ice,복숭아이스티,20.0,2026-03-17 20:08:27
더벤티,ice,복숭아아이스티 벤티,35.0,2026-03-17 20:08:27
더벤티,hot,자몽허니블랙,16.0,2026-03-17 20:08:27
더벤티,ice,자몽허니블랙,16.0,2026-03-17 20:08:27
더벤티,ice,자몽허니블랙 벤티,32.0,2026-03-17 20:08:27
더벤티,hot,청귤얼그레이,16.0,2026-03-17 20:08:27
더벤티,ice,청귤얼그레이,16.0,2026-03-17 20:08:27
더벤티,ice,청귤얼그레이 벤티,32.0,2026-03-17 20:08:27
빽다방,ice,아메리카노,237.0,2026-03-17 20:08:27
파리바게트,ice,아메리카노,207.0,2026-03-17 20:08:27
바나다커피,ice,아메리카노,205.0,2026-03-17 20:08:27
테라커피,ice,아메리카노,198.0,2026-03-17 20:08:27
투썸플레이스,ice,아메리카노,184.0,2026-03-17 20:08:27
하삼동커피,ice,아메리카노,181.0,2026-03-17 20:08:27
이디야,ice,아메리카노,158.0,2026-03-17 20:08:27
스타벅스,ice,아메리카노,150.0,2026-03-17 20:08:27
달콤커피,ice,아메리카노,136.0,2026-03-17 20:08:27
공차,ice,아메리카노,129.0,2026-03-17 20:08:27
하삼동커피,ice,디카페인 콜드브루,21.0,2026-03-17 20:08:27
달콤커피,ice,디카페인 콜드브루,16.0,2026-03-17 20:08:27
빽다방,ice,디카페인 콜드브루,15.0,2026-03-17 20:08:27
메가커피,ice,디카페인 아이스 아메리카노,11.4,2026-03-17 20:08:27
컴포즈,ice,디카페인 더치 아이스 아메리카노,9.2,2026-03-17 20:08:27
이디야,ice,디카페인 아이스 아메리카노,9.0,2026-03-17 20:08:27
투썸플레이스,ice,디카페인 아이스 아메리카노,3.0,2026-03-17 20:08:27
매머드커피,ice,디카페인 아이스 아메리카노,2.5,2026-03-17 20:08:27
할리스,ice,디카페인 아이스 아메리카노,3.0,2026-03-17 20:08:27
바나프레소,ice,제주녹차크리미라떼,89.42,2026-03-17 20:08:27
바나프레소,ice,빅바나리얼초코,0.0,2026-03-17 20:08:27
바나프레소,ice,녹차라떼,61.5,2026-03-17 20:08:27
이디야,hot,초콜릿,9.0,2026-03-17 20:08:27
이디야,hot,녹차라떼,55.0,2026-03-17 20:08:27
이디야,ice,초콜릿,101.0,2026-03-17 20:08:27
이디야,ice,녹차라떼,147.0,2026-03-17 20:08:27
이디야,hot,민트초콜릿,23.0,2026-03-17 20:08:27
이디야,ice,민트초콜릿,24.0,2026-03-17 20:08:27
뚜레주르,ice,아메리카노,166.0,2026-03-17 20:08:27
뚜레주르,ice,카페모카,176.0,2026-03-17 20:08:27
뚜레주르,ice,아샷추,166.0,2026-03-17 20:08:27
뚜레주르,ice,그랑드카페콜드브루,186.0,2026-03-17 20:08:27
뚜레주르,ice,녹차티라떼,123.0,2026-03-17 20:08:27
뚜레주르,ice,로얄밀크티라떼,111.0,2026-03-17 20:08:27
파리바게트,ice,아이스녹차라떼,42.0,2026-03-17 20:08:27
파리바게트,ice,카페모카,200.0,2026-03-17 20:08:27
파리바게트,ice,초코포레누아,18.4,2026-03-17 20:08:27
투썸플레이스,ice,초콜릿라떼,19.0,2026-03-17 20:08:27
매머드커피,ice,녹차클래식라떼,230.8,2026-03-17 20:08:27
매머드커피,ice,핑크블라썸녹차라때,193.0,2026-03-17 20:08:27
매머드커피,ice,녹차티라떼,88.3,2026-03-17 20:08:27
매머드커피,ice,초코라떼,0.0,2026-03-17 20:08:27
매머드커피,ice,밀크티라떼,6.4,2026-03-17 20:08:27
빽다방,ice,초코라떼,16.0,2026-03-17 20:08:27
빽다방,ice,녹차라떼,152.0,2026-03-17 20:08:27
파스쿠찌,ice,아메리카노,213.0,2026-03-17 20:08:27
파스쿠찌,ice,카페모카,202.0,2026-03-17 20:08:27
파스쿠찌,ice,초콜릿라떼,18.0,2026-03-17 20:08:27
공차,ice,블랙밀크티,128.0,2026-03-17 20:08:27
공차,hot,블랙밀크티,106.0,2026-03-17 20:08:27
공차,ice,얼그레이밀크티,175.0,2026-03-17 20:08:27
공차,hot,얼그레이밀크티,146.0,2026-03-17 20:08:27
공차,ice,우롱밀크티,77.0,2026-03-17 20:08:27
공차,hot,우롱밀크티,64.0,2026-03-17 20:08:27
공차,ice,자스민밀크티,90.0,2026-03-17 20:08:27
공차,hot,자스민밀크티,75.0,2026-03-17 20:08:27
공차,ice,타로밀크티,0.0,2026-03-17 20:08:27
공차,hot,타로밀크티,0.0,2026-03-17 20:08:27
공차,ice,초콜릿밀크티,21.0,2026-03-17 20:08:27
공차,hot,초콜릿밀크티,16.0,2026-03-17 20:08:27
공차,ice,제주그린밀크티,49.0,2026-03-17 20:08:27
공차,hot,제주그린밀크티,62.0,2026-03-17 20:08:27
공차,ice,피스타치오 밀크티,20.0,2026-03-17 20:08:27
공차,hot,피스타치오 밀크티,20.0,2026-03-17 20:08:27
공차,ice,딸기쥬얼리 밀크티,29.0,2026-03-17 20:08:27
공차,ice,브라운슈가쥬얼리 밀크티,0.0,2026-03-17 20:08:27
공차,hot,브라운슈가쥬얼리 밀크티,0.0,2026-03-17 20:08:27
공차,ice,미니펄망고 밀크티,0.0,2026-03-17 20:08:27
공차,ice,미니펄딸기 밀크티,49.0,2026-03-17 20:08:27
투썸플레이스,ice,카페모카,192.0,2026-03-17 20:08:27
투썸플레이스,ice,디카페인 오틀리 콜드브루,7.0,2026-03-17 20:08:27
투썸플레이스,ice,디카페인 콜드브루,8.0,2026-03-17 20:08:27
투썸플레이스,ice,콜드브루,212.0,2026-03-17 20:08:27
투썸플레이스,ice,콜드브루 라떼,212.0,2026-03-17 20:08:27
투썸플레이스,ice,올타임 콜드브루,110.0,2026-03-17 20:08:27
투썸플레이스,ice,바나나샷 아메리카노,184.0,2026-03-17 20:08:27
투썸플레이스,ice,바나나샷 라떼,92.0,2026-03-17 20:08:27
투썸플레이스,ice,녹차티 라떼,64.0,2026-03-17 20:08:27
투썸플레이스,ice,초코라떼,0.0,2026-03-17 20:08:27
투썸플레이스,ice,피넛헤이즐넛 라떼,184.0,2026-03-17 20:08:27
투썸플레이스,ice,ice 버블녹차티라떼,78.0,2026-03-17 20:08:27
투썸플레이스,hot,로얄밀크티,102.0,2026-03-17 20:08:27
투썸플레이스,ice,로얄밀크티,116.0,2026-03-17 20:08:27
투썸플레이스,hot,얼그레이,73.0,2026-03-17 20:08:27
투썸플레이스,ice,얼그레이,73.0,2026-03-17 20:08:27
투썸플레이스,hot,그나와민트,47.0,2026-03-17 20:08:27
투썸플레이스,ice,그나와민트,47.0,2026-03-17 20:08:27
투썸플레이스,ice,제주유기농녹차,63.0,2026-03-17 20:08:27
투썸플레이스,hot,애플민트티,35.0,2026-03-17 20:08:27
투썸플레이스,ice,애플민트티,41.0,2026-03-17 20:08:27
투썸플레이스,hot,허니레몬티,55.0,2026-03-17 20:08:27
투썸플레이스,ice,허니레몬티,64.0,2026-03-17 20:08:27
투썸플레이스,ice,유자레몬티,0.0,2026-03-17 20:08:27
투썸플레이스,ice,오렌지자몽티,0.0,2026-03-17 20:08:27
투썸플레이스,ice,피치블랙티,29.0,2026-03-17 20:08:27
투썸플레이스,ice,유자생각차,23.0,2026-03-17 20:08:27
투썸플레이스,ice,레몬아이스티,19.0,2026-03-17 20:08:27
투썸플레이스,ice,피치아이스티,21.0,2026-03-17 20:08:27
투썸플레이스,ice,민트아이스티,19.0,2026-03-17 20:08:27
투썸플레이스,ice,애플아이스티,19.0,2026-03-17 20:08:27
투썸플레이스,ice,애플아샷츄,92.0,2026-03-17 20:08:27
투썸플레이스,ice,민트아샷추,92.0,2026-03-17 20:08:27
투썸플레이스,ice,피치아샷추,92.0,2026-03-17 20:08:27
투썸플레이스,hot,달고나라떼,40.0,2026-03-17 20:08:27
투썸플레이스,ice,달고나라떼,28.0,2026-03-17 20:08:27
투썸플레이스,hot,오트화이트라떼,10.0,2026-03-17 20:08:27
투썸플레이스,ice,오트화이트라떼,10.0,2026-03-17 20:08:27
투썸플레이스,ice,에스프레소,92.0,2026-03-17 20:08:27
투썸플레이스,ice,신촌커피,184.0,2026-03-17 20:08:27
이디야,ice,(L) 제로슈가 달달커피(L) Zero sugar Mixed Coffee,18.0,2026-03-17 20:08:27
이디야,ice,(R) 제로슈가 달달커피 플랫치노(R) Zero sugar Mixed Coffee Flatccino,21.0,2026-03-17 20:08:27
이디야,ice,(EX) 제로슈가 달달커피(EX) Zero sugar Mixed Coffee,21.0,2026-03-17 20:08:27
이디야,ice,(R) 콜드브루 아메리카노(R) Coldbrew Americano,156.0,2026-03-17 20:08:27
이디야,ice,(EX) 콜드브루 아메리카노 (EX) Coldbrew Americano,234.0,2026-03-17 20:08:27
이디야,ice,(EX) 제로슈가 달달커피 플랫치노(EX) Zero sugar Mixed Coffee Flatccino,38.0,2026-03-17 20:08:27
이디야,ice,(R) 콜드브루 라떼(R) Coldbrew Latte,104.0,2026-03-17 20:08:27
이디야,ice,(EX) 콜드브루 라떼 (EX) Coldbrew Latte,155.0,2026-03-17 20:08:27
이디야,ice,(R) 콜드브루 니트로ICED Coldbrew Nitro,124.0,2026-03-17 20:08:27
이디야,ice,(R) 콜드브루 화이트 비엔나(R) Coldbrew White Vienna,52.0,2026-03-17 20:08:27
이디야,ice,(R) ICED 흑당 콜드브루ICED Black Sugar Coldbrew,52.0,2026-03-17 20:08:27
이디야,ice,(EX) ICED 흑당 콜드브루ICED Black Sugar Coldbrew,104.0,2026-03-17 20:08:27
이디야,hot,(L) HOT 연유 카페 라떼 (L) HOT Condensed Milk Caffe latte,158.0,2026-03-17 20:08:27
이디야,ice,(L) ICED 연유 카페 라떼 (L) ICED Condensed Milk Cafe latte,158.0,2026-03-17 20:08:27
이디야,hot,(EX) HOT 연유 카페 라떼 (EX) HOT Condensed Milk Cafe latte,237.0,2026-03-17 20:08:27
이디야,ice,(EX) ICED 연유 카페 라떼 (EX) ICED Condensed Milk Cafe latte,237.0,2026-03-17 20:08:27
이디야,ice,(R) 연유 콜드브루(R) Condensed Milk Coldbrew,104.0,2026-03-17 20:08:27
이디야,ice,(EX) 연유 콜드브루 (EX) Condensed Milk Coldbrew,155.0,2026-03-17 20:08:27
이디야,ice,(L)달달커피(L)Mixed coffee,236.0,2026-03-17 20:08:27
이디야,ice,(EX)달달커피(EX)Mixed coffee,276.0,2026-03-17 20:08:27
이디야,hot,HOT 에스프레소Espresso,79.0,2026-03-17 20:08:27
이디야,hot,HOT 에스프레소 마끼아또Espresso Macchiato,79.0,2026-03-17 20:08:27
이디야,hot,HOT 에스프레소 콘파냐Espresso Con Panna,79.0,2026-03-17 20:08:27
이디야,hot,(L) HOT 카페 아메리카노(L) HOT Cafe Americano,158.0,2026-03-17 20:08:27
이디야,ice,(L) ICED 카페 아메리카노(L) ICED Cafe Americano,158.0,2026-03-17 20:08:27
이디야,hot,(EX) HOT 카페 아메리카노(EX) HOT Cafe Americano,237.0,2026-03-17 20:08:27
이디야,ice,(EX) ICED 카페 아메리카노(EX) ICED Cafe Americano,237.0,2026-03-17 20:08:27
이디야,hot,(L) HOT 카페 라떼(L) HOT Cafe Latte,158.0,2026-03-17 20:08:27
이디야,ice,(L) ICED 카페 라떼(L) ICED Cafe Latte,158.0,2026-03-17 20:08:27
이디야,hot,(EX) HOT 카페 라떼(EX) HOT Cafe Latte,237.0,2026-03-17 20:08:27
이디야,ice,(EX) ICED 카페 라떼(EX) ICED Cafe Latte,237.0,2026-03-17 20:08:27
이디야,hot,(L) HOT 카푸치노(L) HOT Cappuccino,158.0,2026-03-17 20:08:27
이디야,ice,(L) ICED 카푸치노(L) ICED Cappuccino,158.0,2026-03-17 20:08:27
이디야,hot,(L) HOT 카페 모카(L)  HOT Cafe Mocha,171.0,2026-03-17 20:08:27
이디야,ice,(L) ICED 카페 모카(L) ICED Cafe Mocha,171.0,2026-03-17 20:08:27
이디야,hot,(EX) HOT 카페 모카(EX)  HOT Cafe Mocha,254.0,2026-03-17 20:08:27
이디야,ice,(EX) ICED 카페 모카(EX) ICED Café Mocha,254.0,2026-03-17 20:08:27
이디야,hot,(L) HOT 카라멜 마끼아또(L) HOT Caramel  Macchiato,158.0,2026-03-17 20:08:27
이디야,ice,(L) ICED 카라멜 마끼아또(L) ICED Caramel Macchiato,158.0,2026-03-17 20:08:27
이디야,hot,(EX) HOT 카라멜 마끼아또(EX) HOT Caramel  Macchiato,237.0,2026-03-17 20:08:27
이디야,ice,(EX) ICED 카라멜 마끼아또(EX) ICED Caramel  Macchiato,237.0,2026-03-17 20:08:27
이디야,hot,(L) HOT 바닐라 라떼(L) HOT Vanilla Latte,200.0,2026-03-17 20:08:27
이디야,ice,(L) ICED 바닐라 라떼(L) ICED Vanilla Latte,200.0,2026-03-17 20:08:27
이디야,hot,(EX) HOT 바닐라 라떼(EX) HOT Vanilla Latte,321.0,2026-03-17 20:08:27
이디야,ice,(R) 바닐라 오트 콜드브루(R) Vanilla Oat Cold Brew,78.0,2026-03-17 20:08:27
이디야,ice,(EX) ICED 바닐라 라떼(EX) ICED Vanilla Latte,321.0,2026-03-17 20:08:27
이디야,ice,(L) ICED 넛츠 크림 라떼(L) ICED Nuts Cream Latte,158.0,2026-03-17 20:08:27
이디야,hot,(L) HOT 화이트 초콜릿 모카(L) HOT White Chocolate Mocha,158.0,2026-03-17 20:08:27
이디야,ice,(L) ICED 화이트 초콜릿 모카(L) ICED White Chocolate Mocha,158.0,2026-03-17 20:08:27
이디야,hot,(EX) HOT 화이트 초콜릿 모카 (EX) HOT White Chocolate Mocha,237.0,2026-03-17 20:08:27
이디야,hot,(L) HOT 민트 모카(L) HOT Mint Mocha,194.0,2026-03-17 20:08:27
이디야,ice,(EX) ICED 화이트 초콜릿 모카 (EX) ICED White Chocolate Mocha,237.0,2026-03-17 20:08:27
이디야,ice,(L) ICED 민트 모카(L) ICED Mint Mocha,194.0,2026-03-17 20:08:27
이디야,ice,아포가토 오리지널Affogato original,79.0,2026-03-17 20:08:27
빽다방,hot,더블에스프레소,371.0,2026-03-17 20:08:27
빽다방,hot,아메리카노(HOT),93.0,2026-03-17 20:08:27
빽다방,ice,아메리카노(ICED),237.0,2026-03-17 20:08:27
빽다방,ice,레드불 꿀샷추(ICED),237.0,2026-03-17 20:08:27
빽다방,hot,원조커피(HOT),237.0,2026-03-17 20:08:27
빽다방,ice,원조커피(ICED),237.0,2026-03-17 20:08:27
빽다방,hot,원조커피 제로슈거(HOT),197.0,2026-03-17 20:08:27
빽다방,ice,원조커피 제로슈거(ICED),406.0,2026-03-17 20:08:27
빽다방,ice,아이스티샷추가(아샷추),371.0,2026-03-17 20:08:27
빽다방,ice,아샷망추 (아샷추 + 망고추가),489.0,2026-03-17 20:08:27
빽다방,hot,꿀아메리카노(HOT),452.0,2026-03-17 20:08:27
빽다방,ice,꿀아메리카노(ICED),93.0,2026-03-17 20:08:27
빽다방,hot,헤이즐넛아메리카노 (HOT),105.0,2026-03-17 20:08:27
빽다방,ice,헤이즐넛아메리카노 (ICED),237.0,2026-03-17 20:08:27
빽다방,hot,헤이즐넛라떼(HOT),237.0,2026-03-17 20:08:27
빽다방,ice,헤이즐넛라떼(ICED),237.0,2026-03-17 20:08:27
빽다방,hot,달달연유라떼(HOT),237.0,2026-03-17 20:08:27
빽다방,ice,달달연유라떼(ICED),237.0,2026-03-17 20:08:27
빽다방,hot,카페라떼(HOT),237.0,2026-03-17 20:08:27
빽다방,ice,카페라떼(ICED),237.0,2026-03-17 20:08:27
빽다방,ice,블랙펄카페라떼(ICED),237.0,2026-03-17 20:08:27
빽다방,hot,바닐라라떼(HOT),237.0,2026-03-17 20:08:27
빽다방,ice,바닐라라떼(ICED),237.0,2026-03-17 20:08:27
빽다방,hot,카페모카(HOT),118.5,2026-03-17 20:08:27
빽다방,ice,카페모카(ICED),237.0,2026-03-17 20:08:27
빽다방,hot,카라멜마키아또(HOT),237.0,2026-03-17 20:08:27
빽다방,ice,카라멜마키아또(ICED),237.0,2026-03-17 20:08:27
빽다방,hot,바나나 카페라떼(HOT),237.0,2026-03-17 20:08:27
빽다방,ice,바나나 카페라떼(ICED),237.0,2026-03-17 20:08:27
빽다방,ice,바나나 커피쉐이크,237.0,2026-03-17 20:08:27
빽다방,ice,아이스크림카페라떼(ICED),119.0,2026-03-17 20:08:27
빽다방,ice,아이스크림바닐라라떼(ICED),119.0,2026-03-17 20:08:27
빽다방,ice,아이스크림카페모카(ICED),119.0,2026-03-17 20:08:27
빽다방,ice,콜드브루(ICED),237.0,2026-03-17 20:08:27
빽다방,hot,콜드브루(HOT),237.0,2026-03-17 20:08:27
빽다방,ice,디카페인 콜드브루(ICED),237.0,2026-03-17 20:08:27
빽다방,hot,디카페인 콜드브루(HOT),209.0,2026-03-17 20:08:27
빽다방,ice,콜드브루라떼(ICED),209.0,2026-03-17 20:08:27
빽다방,hot,콜드브루라떼(HOT),15.0,2026-03-17 20:08:27
빽다방,ice,디카페인 콜드브루라떼(ICED),209.0,2026-03-17 20:08:27
빽다방,hot,디카페인 콜드브루라떼(HOT),209.0,2026-03-17 20:08:27
빽다방,ice,콜드브루라떼(연유)(ICED),15.0,2026-03-17 20:08:27
빽다방,hot,콜드브루라떼(연유)(HOT),209.0,2026-03-17 20:08:27
빽다방,ice,디카페인 콜드브루라떼(연유)(ICED),209.0,2026-03-17 20:08:27
빽다방,hot,디카페인 콜드브루라떼(연유)(HOT),15.0,2026-03-17 20:08:27
빽다방,ice,콜드브루라떼(흑당)(ICED),209.0,2026-03-17 20:08:27
빽다방,hot,콜드브루라떼(흑당)(HOT),209.0,2026-03-17 20:08:27
빽다방,ice,디카페인 콜드브루라떼(흑당)(ICED),15.0,2026-03-17 20:08:27
빽다방,ice,빽사이즈 아메리카노(ICED),474.0,2026-03-17 20:08:27
빽다방,ice,빽사이즈 원조커피(ICED),564.0,2026-03-17 20:08:27
빽다방,ice,빽사이즈 원조커피 제로슈거(ICED),686.0,2026-03-17 20:08:27
빽다방,ice,빽사이즈 카페라떼(ICED),474.0,2026-03-17 20:08:27
빽다방,ice,빽사이즈 아이스티샷추가(ICED),167.0,2026-03-17 20:08:27
빽다방,ice,빽사이즈 아샷망추,215.0,2026-03-17 20:08:27
할리스,ice,아샷추,74.0,2026-03-17 20:08:27
할리스,ice,몬스터 아메리카노,134.0,2026-03-17 20:08:27
할리스,hot,블랙아리아아메리카노,153.0,2026-03-17 20:08:27
할리스,ice,블랙아리아아메리카노,153.0,2026-03-17 20:08:27
할리스,hot,블랙아리아딥라떼,153.0,2026-03-17 20:08:27
할리스,ice,블랙아리아딥라떼,153.0,2026-03-17 20:08:27
할리스,hot,돌체 라떼,93.0,2026-03-17 20:08:27
할리스,ice,돌체 라떼,93.0,2026-03-17 20:08:27
할리스,hot,디카페인아메리카노,3.0,2026-03-17 20:08:27
할리스,ice,디카페인아메리카노,3.0,2026-03-17 20:08:27
할리스,hot,디카페인카페 라떼,3.0,2026-03-17 20:08:27
할리스,ice,디카페인카페 라떼,3.0,2026-03-17 20:08:27
할리스,hot,디카페인바닐라 딜라이트,25.0,2026-03-17 20:08:27
할리스,ice,디카페인바닐라 딜라이트,25.0,2026-03-17 20:08:27
할리스,ice,콜드브루 딜라이트,195.0,2026-03-17 20:08:27
할리스,ice,콜드브루 라떼,195.0,2026-03-17 20:08:27
할리스,ice,콜드브루,195.0,2026-03-17 20:08:27
할리스,hot,바닐라 딜라이트,83.0,2026-03-17 20:08:27
할리스,ice,바닐라 딜라이트,83.0,2026-03-17 20:08:27
할리스,hot,카라멜 마키아또,127.0,2026-03-17 20:08:27
할리스,ice,카라멜 마키아또,127.0,2026-03-17 20:08:27
할리스,hot,카페 모카,132.0,2026-03-17 20:08:27
할리스,ice,카페 모카,132.0,2026-03-17 20:08:27
할리스,hot,카푸치노,127.0,2026-03-17 20:08:27
할리스,hot,카페 라떼,127.0,2026-03-17 20:08:27
할리스,ice,카페 라떼,127.0,2026-03-17 20:08:27
할리스,hot,아메리카노,114.0,2026-03-17 20:08:27
할리스,ice,아메리카노,114.0,2026-03-17 20:08:27
할리스,ice,아포가토,93.0,2026-03-17 20:08:27
할리스,hot,에스프레소,61.0,2026-03-17 20:08:27
파스쿠찌,hot,바닐라빈 골든라떼,321.0,2026-03-17 20:08:27
파스쿠찌,hot,카페 헤이 오트,227.0,2026-03-17 20:08:27
파스쿠찌,hot,아메리카노,213.0,2026-03-17 20:08:27
파스쿠찌,hot,카페라떼,219.0,2026-03-17 20:08:27
파스쿠찌,hot,카라멜 라떼 마끼아또,196.0,2026-03-17 20:08:27
파스쿠찌,hot,바닐라 라떼 마끼아또,188.0,2026-03-17 20:08:27
파스쿠찌,hot,카페 모카,202.0,2026-03-17 20:08:27
파스쿠찌,hot,카푸치노(HOT ONLY),190.0,2026-03-17 20:08:27
파스쿠찌,ice,슈크림 젤라또 카페라떼,110.0,2026-03-17 20:08:27
파스쿠찌,ice,티라미수 젤라또 카페라떼,110.0,2026-03-17 20:08:27
파스쿠찌,ice,카카오 젤라또 카페라떼,107.0,2026-03-17 20:08:27
파스쿠찌,ice,아이스 카페 헤이 오트,157.0,2026-03-17 20:08:27
파스쿠찌,ice,아이스 아메리카노,213.0,2026-03-17 20:08:27
파스쿠찌,ice,아이스 카페라떼,219.0,2026-03-17 20:08:27
파스쿠찌,ice,아이스 카라멜 라떼 마끼아또,218.0,2026-03-17 20:08:27
파스쿠찌,ice,아이스 카페 모카,202.0,2026-03-17 20:08:27
파스쿠찌,ice,아이스 바닐라 라떼 마끼아또,204.0,2026-03-17 20:08:27
파스쿠찌,ice,아이스 바닐라빈 골든라떼,214.0,2026-03-17 20:08:27
파스쿠찌,ice,돌체 콜드브루 플로트,145.0,2026-03-17 20:08:27
파스쿠찌,ice,콜드브루 아메리카노,201.0,2026-03-17 20:08:27
파스쿠찌,ice,콜드브루 라떼,190.0,2026-03-17 20:08:27
파스쿠찌,ice,오트 콜드브루 플로트,201.0,2026-03-17 20:08:27
파스쿠찌,ice,청포도 콤부차,6.0,2026-03-17 20:08:27
파스쿠찌,ice,애플 망고 콤부차,6.0,2026-03-17 20:08:27
파스쿠찌,ice,애플 히비스커스 콤부차,6.0,2026-03-17 20:08:27
파스쿠찌,ice,자몽 주스,0.0,2026-03-17 20:08:27
파스쿠찌,ice,아이스 자몽 주스,0.0,2026-03-17 20:08:27
파스쿠찌,ice,초콜릿 라떼,18.0,2026-03-17 20:08:27
파스쿠찌,ice,아이스 초콜릿 라떼,18.0,2026-03-17 20:08:27
파스쿠찌,ice,레몬 스파클링,0.0,2026-03-17 20:08:27
파스쿠찌,ice,자몽 스파클링,0.0,2026-03-17 20:08:27
파스쿠찌,ice,청포도 스파클링,0.0,2026-03-17 20:08:27
할리스,ice,아이스티,11.0,2026-03-17 20:08:27
할리스,ice,딸기라떼,0.0,2026-03-17 20:08:27
할리스,hot,꿀모과차,0.0,2026-03-17 20:08:27
할리스,ice,꿀모과차,0.0,2026-03-17 20:08:27
할리스,hot,레몬 생강차,0.0,2026-03-17 20:08:27
할리스,ice,레몬 생강차,0.0,2026-03-17 20:08:27
할리스,hot,대추 생강차,0.0,2026-03-17 20:08:27
할리스,ice,대추 생강차,0.0,2026-03-17 20:08:27
할리스,hot,제주 레몬 애플티,0.0,2026-03-17 20:08:27
할리스,ice,제주 레몬 애플티,0.0,2026-03-17 20:08:27
할리스,ice,로얄 밀크 버블티,51.0,2026-03-17 20:08:27
할리스,hot,로얄 밀크티 라떼,51.0,2026-03-17 20:08:27
할리스,ice,로얄 밀크티 라떼,51.0,2026-03-17 20:08:27
할리스,ice,흑당 버블티,0.0,2026-03-17 20:08:27
할리스,ice,핑크 파인캐모마일티,0.0,2026-03-17 20:08:27
할리스,hot,제주 말차 라떼,129.0,2026-03-17 20:08:27
할리스,ice,제주 말차 라떼,129.0,2026-03-17 20:08:27
할리스,hot,민트초코,3.0,2026-03-17 20:08:27
할리스,ice,민트초코,3.0,2026-03-17 20:08:27
할리스,hot,핫/아이스초코,8.0,2026-03-17 20:08:27
할리스,ice,핫/아이스초코,8.0,2026-03-17 20:08:27
할리스,hot,화이트초코,23.0,2026-03-17 20:08:27
할리스,ice,화이트초코,23.0,2026-03-17 20:08:27
할리스,hot,유자 캐모마일,0.0,2026-03-17 20:08:27
할리스,ice,유자 캐모마일,0.0,2026-03-17 20:08:27
할리스,hot,복숭아 얼그레이,33.0,2026-03-17 20:08:27
할리스,ice,복숭아 얼그레이,33.0,2026-03-17 20:08:27
할리스,hot,홍자몽차,0.0,2026-03-17 20:08:27
할리스,ice,홍자몽차,0.0,2026-03-17 20:08:27
할리스,hot,제주 한라봉감귤차,0.0,2026-03-17 20:08:27
할리스,ice,제주 한라봉감귤차,0.0,2026-03-17 20:08:27
할리스,hot,고흥 유자차,0.0,2026-03-17 20:08:27
할리스,ice,고흥 유자차,0.0,2026-03-17 20:08:27
할리스,hot,해남 녹차,25.0,2026-03-17 20:08:27
할리스,ice,해남 녹차,25.0,2026-03-17 20:08:27
할리스,hot,페퍼민트,0.0,2026-03-17 20:08:27
할리스,ice,페퍼민트,0.0,2026-03-17 20:08:27
할리스,hot,캐모마일,0.0,2026-03-17 20:08:27
할리스,ice,캐모마일,0.0,2026-03-17 20:08:27
할리스,hot,얼그레이,17.0,2026-03-17 20:08:27
할리스,ice,얼그레이,17.0,2026-03-17 20:08:27
공차,ice,카페라떼(L),129.0,2026-03-17 20:08:27
공차,ice,카페라떼(J),171.0,2026-03-17 20:08:27
달콤커피,ice,카페라떼 (R),184.0,2026-03-17 20:08:27
달콤커피,ice,카페라떼 (L),204.0,2026-03-17 20:08:27
달콤커피,ice,카페라떼 (K),204.0,2026-03-17 20:08:27
뚜레주르,ice,카페라떼,166.0,2026-03-17 20:08:27
매머드커피,ice,카페라떼 ICE,243.3,2026-03-17 20:08:27
매머드커피,ice,카페라떼 HOT,243.3,2026-03-17 20:08:27
매머드커피,ice,바닐라라떼 ICE,243.3,2026-03-17 20:08:27
매머드커피,ice,바닐라라떼 HOT,243.3,2026-03-17 20:08:27
매머드커피,ice,캬라멜 마끼아또 ICE,243.3,2026-03-17 20:08:27
매머드커피,ice,캬라멜 마끼아또 HOT,243.3,2026-03-17 20:08:27
매머드커피,ice,카페모카 ICE,243.3,2026-03-17 20:08:27
매머드커피,ice,카페모카 HOT,243.3,2026-03-17 20:08:27
매머드커피,ice,돌체라떼 ICE,243.3,2026-03-17 20:08:27
매머드커피,ice,디카페인 아메리카노 ICE,2.5,2026-03-17 20:08:27
매머드커피,ice,디카페인 아메리카노 HOT,2.5,2026-03-17 20:08:27
커피에반하다,ice,카페라떼 Tall,410.0,2026-03-17 20:08:27
커피에반하다,ice,카페라떼 Grande,615.0,2026-03-17 20:08:27
커피에반하다,ice,카페라떼 Mini Venti,615.0,2026-03-17 20:08:27
커피에반하다,ice,카페라떼 Venti,820.0,2026-03-17 20:08:27
커피에반하다,ice,바닐라 라떼 Tall,410.0,2026-03-17 20:08:27
커피에반하다,ice,바닐라 라떼 Grande,615.0,2026-03-17 20:08:27
커피에반하다,ice,바닐라 라떼 Mini Venti,615.0,2026-03-17 20:08:27
커피에반하다,ice,바닐라 라떼 Venti,820.0,2026-03-17 20:08:27
커피에반하다,ice,카페모카 Tall,410.0,2026-03-17 20:08:27
커피에반하다,ice,카페모카 Grande,615.0,2026-03-17 20:08:27
커피에반하다,ice,카페모카 Mini Venti,615.0,2026-03-17 20:08:27
커피에반하다,ice,카페모카 Venti,820.0,2026-03-17 20:08:27
커피에반하다,ice,카라멜모카 Tall,410.0,2026-03-17 20:08:27
커피에반하다,ice,카라멜모카 Grande,615.0,2026-03-17 20:08:27
커피에반하다,ice,카라멜모카 Mini Venti,615.0,2026-03-17 20:08:27
커피에반하다,ice,카라멜모카 Venti,820.0,2026-03-17 20:08:27
커피에반하다,ice,카라멜 마끼아토 Tall,410.0,2026-03-17 20:08:27
커피에반하다,ice,카라멜 마끼아토 Grande,615.0,2026-03-17 20:08:27
커피에반하다,ice,카라멜 마끼아토 Mini Venti,615.0,2026-03-17 20:08:27
커피에반하다,ice,카라멜 마끼아토 Venti,820.0,2026-03-17 20:08:27
커피에반하다,ice,콜드브루 Tall,205.0,2026-03-17 20:08:27
커피에반하다,ice,콜드브루 Grande,273.0,2026-03-17 20:08:27
커피에반하다,ice,콜드브루 Mini Venti,307.0,2026-03-17 20:08:27
커피에반하다,ice,콜드브루 Venti,342.0,2026-03-17 20:08:27
매머드커피,hot,아메리카노,243.3,2026-03-17 20:08:27
매머드커피,ice,아메리카노,243.3,2026-03-17 20:08:27
매머드커피,hot,꿀 커피,243.3,2026-03-17 20:08:27
매머드커피,ice,꿀 커피,243.3,2026-03-17 20:08:27
매머드커피,hot,아몬드 아메리카노,243.3,2026-03-17 20:08:27
매머드커피,ice,아몬드 아메리카노,243.3,2026-03-17 20:08:27
매머드커피,ice,아샷추 아이스티,132.3,2026-03-17 20:08:27
매머드커피,hot,카페 라떼,243.3,2026-03-17 20:08:27
매머드커피,ice,카페 라떼,243.3,2026-03-17 20:08:27
매머드커피,hot,카푸치노,243.3,2026-03-17 20:08:27
매머드커피,ice,카푸치노,243.3,2026-03-17 20:08:27
매머드커피,hot,꿀 라떼,243.3,2026-03-17 20:08:27
매머드커피,ice,꿀 라떼,243.3,2026-03-17 20:08:27
매머드커피,hot,아몬드 라떼,243.3,2026-03-17 20:08:27
매머드커피,ice,아몬드 라떼,243.3,2026-03-17 20:08:27
매머드커피,hot,바닐라 라떼,243.3,2026-03-17 20:08:27
매머드커피,ice,바닐라 라떼,243.3,2026-03-17 20:08:27
매머드커피,hot,꿀바나 라떼,243.3,2026-03-17 20:08:27
매머드커피,ice,꿀바나 라떼,243.3,2026-03-17 20:08:27
매머드커피,hot,카라멜 마키아토,243.3,2026-03-17 20:08:27
매머드커피,ice,카라멜 마키아토,243.3,2026-03-17 20:08:27
매머드커피,hot,카페 모카,243.3,2026-03-17 20:08:27
매머드커피,ice,카페 모카,243.3,2026-03-17 20:08:27
매머드커피,hot,티라미수 라떼,243.3,2026-03-17 20:08:27
매머드커피,ice,티라미수 라떼,243.3,2026-03-17 20:08:27
매머드커피,hot,헤이즐넛 커피,244.7,2026-03-17 20:08:27
매머드커피,ice,헤이즐넛 커피,244.7,2026-03-17 20:08:27
매머드커피,hot,코코넛 사이공 라떼,243.3,2026-03-17 20:08:27
매머드커피,ice,코코넛 사이공 라떼,243.3,2026-03-17 20:08:27
매머드커피,hot,헤이즐넛 모카,244.3,2026-03-17 20:08:27
매머드커피,ice,헤이즐넛 모카,244.3,2026-03-17 20:08:27
매머드커피,hot,돌체 라떼,243.3,2026-03-17 20:08:27
매머드커피,ice,돌체 라떼,243.3,2026-03-17 20:08:27
매머드커피,hot,달고나 카페라떼,243.3,2026-03-17 20:08:27
매머드커피,ice,달고나 카페라떼,243.3,2026-03-17 20:08:27
매머드커피,hot,믹스 커피,369.0,2026-03-17 20:08:27
매머드커피,ice,믹스 커피,369.0,2026-03-17 20:08:27
매머드커피,hot,디카페인 아메리카노,2.5,2026-03-17 20:08:27
매머드커피,ice,디카페인 아메리카노,2.5,2026-03-17 20:08:27
매머드커피,hot,디카페인 꿀 커피,2.5,2026-03-17 20:08:27
매머드커피,ice,디카페인 꿀 커피,2.5,2026-03-17 20:08:27
매머드커피,hot,디카페인 아몬드 아메리카노,2.5,2026-03-17 20:08:27
매머드커피,ice,디카페인 아몬드 아메리카노,2.5,2026-03-17 20:08:27
매머드커피,hot,디카페인 꿀 라떼,2.5,2026-03-17 20:08:27
매머드커피,ice,디카페인 꿀 라떼,2.5,2026-03-17 20:08:27
매머드커피,hot,디카페인 카푸치노,2.5,2026-03-17 20:08:27
매머드커피,ice,디카페인 카푸치노,2.5,2026-03-17 20:08:27
매머드커피,hot,디카페인 카페 라떼,2.5,2026-03-17 20:08:27
매머드커피,ice,디카페인 카페 라떼,2.5,2026-03-17 20:08:27
매머드커피,hot,디카페인 아몬드 라떼,2.5,2026-03-17 20:08:27
매머드커피,ice,디카페인 아몬드 라떼,2.5,2026-03-17 20:08:27
매머드커피,hot,디카페인 바닐라 라떼,2.5,2026-03-17 20:08:27
매머드커피,ice,디카페인 바닐라 라떼,2.5,2026-03-17 20:08:27
매머드커피,hot,디카페인 카라멜 마키아토,2.5,2026-03-17 20:08:27
매머드커피,ice,디카페인 카라멜 마키아토,2.5,2026-03-17 20:08:27
매머드커피,hot,디카페인 카페 모카,2.5,2026-03-17 20:08:27
매머드커피,ice,디카페인 카페 모카,2.5,2026-03-17 20:08:27
매머드커피,hot,디카페인 티라미수 라떼,2.5,2026-03-17 20:08:27
매머드커피,ice,디카페인 티라미수 라떼,2.5,2026-03-17 20:08:27
매머드커피,hot,디카페인 꿀바나 라떼,2.5,2026-03-17 20:08:27
매머드커피,ice,디카페인 꿀바나 라떼,2.5,2026-03-17 20:08:27
매머드커피,hot,디카페인 헤이즐넛 커피,3.9,2026-03-17 20:08:27
매머드커피,ice,디카페인 헤이즐넛 커피,3.9,2026-03-17 20:08:27
매머드커피,hot,디카페인 코코넛 사이공 라떼,2.5,2026-03-17 20:08:27
매머드커피,ice,디카페인 코코넛 사이공 라떼,2.5,2026-03-17 20:08:27
매머드커피,hot,디카페인 헤이즐넛 모카,3.5,2026-03-17 20:08:27
매머드커피,ice,디카페인 헤이즐넛 모카,3.5,2026-03-17 20:08:27
매머드커피,hot,디카페인 돌체 라떼,2.5,2026-03-17 20:08:27
매머드커피,ice,디카페인 돌체 라떼,2.5,2026-03-17 20:08:27
매머드커피,hot,디카페인 달고나 카페라떼,2.5,2026-03-17 20:08:27
매머드커피,ice,디카페인 달고나 카페라떼,2.5,2026-03-17 20:08:27
매머드커피,ice,디카페인 아샷추 아이스티,12.0,2026-03-17 20:08:27
공차,ice,아메리카노(ESP),171.0,2026-03-17 20:08:27
공차,hot,아메리카노(ESP),171.0,2026-03-17 20:08:27
공차,ice,아메리카노(DRIP),364.0,2026-03-17 20:08:27
공차,hot,아메리카노(DRIP),364.0,2026-03-17 20:08:27
공차,ice,얼그레이 아메리카노(ESP),230.0,2026-03-17 20:08:27
공차,hot,얼그레이 아메리카노(ESP),230.0,2026-03-17 20:08:27
공차,ice,카페라떼,171.0,2026-03-17 20:08:27
공차,hot,카페라떼,129.0,2026-03-17 20:08:27
공차,ice,얼그레이 아메리카노(DRIP),313.0,2026-03-17 20:08:27
공차,hot,얼그레이 아메리카노(DRIP),313.0,2026-03-17 20:08:27
공차,ice,바닐라 카페라떼(ESP),171.0,2026-03-17 20:08:27
공차,hot,바닐라 카페라떼(ESP),171.0,2026-03-17 20:08:27
공차,ice,바닐라 카페라떼(DRIP),182.0,2026-03-17 20:08:27
공차,hot,바닐라 카페라떼(DRIP),182.0,2026-03-17 20:08:27
공차,ice,카페모카(ESP),182.0,2026-03-17 20:08:27
공차,hot,카페모카(ESP),182.0,2026-03-17 20:08:27
공차,ice,카페모카(DRIP),192.0,2026-03-17 20:08:27
공차,hot,카페모카(DRIP),192.0,2026-03-17 20:08:27
공차,ice,공차슈페너(ESP),178.0,2026-03-17 20:08:27
공차,ice,공차슈페너(DRIP),250.0,2026-03-17 20:08:27
공차,ice,카페 스무디 with 블랙티 (ESP),143.0,2026-03-17 20:08:27
공차,ice,카페 스무디 with 블랙티 (DRIP),160.0,2026-03-17 20:08:27
바나프레소,ice,아메리카노,203.4,2026-03-17 20:08:27
바나프레소,ice,시그니처아메리카노,217.8,2026-03-17 20:08:27
바나프레소,ice,디카페인 아메리카노,0.0,2026-03-17 20:08:27
바나프레소,ice,바나리카노,406.8,2026-03-17 20:08:27
바나프레소,ice,디카페인 바나리카노,0.0,2026-03-17 20:08:27
바나프레소,ice,핑크아메리카노,203.4,2026-03-17 20:08:27
바나프레소,ice,디카페인 핑크아메리카노,0.0,2026-03-17 20:08:27
바나프레소,ice,핑크카페라떼,203.4,2026-03-17 20:08:27
바나프레소,ice,디카페인 핑크카페라떼,0.0,2026-03-17 20:08:27
바나프레소,ice,허니아메리카노,203.4,2026-03-17 20:08:27
바나프레소,ice,디카페인 허니아메리카노,0.0,2026-03-17 20:08:27
바나프레소,ice,유자셔벗아메리카노,203.4,2026-03-17 20:08:27
바나프레소,ice,디카페인 유자셔벗아메리카노,0.0,2026-03-17 20:08:27
바나프레소,ice,제로슈가 스위트아메리카노,203.4,2026-03-17 20:08:27
바나프레소,ice,디카페인 제로슈가 스위트아메리카노,0.0,2026-03-17 20:08:27
바나프레소,ice,헛개리카노,203.4,2026-03-17 20:08:27
바나프레소,ice,디카페인 헛개리카노,0.0,2026-03-17 20:08:27
바나프레소,ice,빅바나 헛개리카노,406.8,2026-03-17 20:08:27
바나프레소,ice,빅바나 디카페인 헛개리카노,0.0,2026-03-17 20:08:27
바나프레소,ice,화이트아메리카노,203.4,2026-03-17 20:08:27
바나프레소,ice,디카페인 화이트아메리카노,0.0,2026-03-17 20:08:27
바나프레소,ice,클래식밀크커피,162.27,2026-03-17 20:08:27
바나프레소,ice,빅바나 클래식밀크커피,241.6,2026-03-17 20:08:27
바나프레소,ice,카페라떼,203.4,2026-03-17 20:08:27
바나프레소,ice,디카페인 카페라떼,0.0,2026-03-17 20:08:27
바나프레소,ice,빅바나 카페라떼,406.8,2026-03-17 20:08:27
바나프레소,ice,빅바나 디카페인 카페라떼,0.0,2026-03-17 20:08:27
바나프레소,ice,크리미라떼,203.4,2026-03-17 20:08:27
바나프레소,ice,디카페인 크리미라떼,0.0,2026-03-17 20:08:27
바나프레소,ice,빅바나 크리미라떼,406.8,2026-03-17 20:08:27
바나프레소,ice,빅바나 디카페인 크리미라떼,0.0,2026-03-17 20:08:27
바나프레소,ice,헛개크리미라떼,203.4,2026-03-17 20:08:27
바나프레소,ice,디카페인 헛개크리미라떼,0.0,2026-03-17 20:08:27
바나프레소,ice,바닐라라떼,203.4,2026-03-17 20:08:27
바나프레소,ice,저당 바닐라라떼,203.4,2026-03-17 20:08:27
바나프레소,ice,디카페인 바닐라라떼,0.0,2026-03-17 20:08:27
바나프레소,ice,저당 디카페인 바닐라라떼,0.0,2026-03-17 20:08:27
바나프레소,ice,빅바나 바닐라라떼,406.8,2026-03-17 20:08:27
바나프레소,ice,저당 빅바나 바닐라라떼,406.8,2026-03-17 20:08:27
바나프레소,ice,빅바나 디카페인 바닐라라떼,0.0,2026-03-17 20:08:27
바나프레소,ice,저당 빅바나 디카페인 바닐라라떼,0.0,2026-03-17 20:08:27
바나프레소,ice,스위티소금라떼,203.4,2026-03-17 20:08:27
바나프레소,ice,디카페인 스위티소금라떼,0.0,2026-03-17 20:08:27
바나프레소,ice,연유라떼,203.4,2026-03-17 20:08:27
바나프레소,ice,디카페인 연유라떼,0.0,2026-03-17 20:08:27
바나프레소,ice,카페모카,210.95,2026-03-17 20:08:27
바나프레소,ice,디카페인 카페모카,7.55,2026-03-17 20:08:27
바나프레소,ice,밀크카라멜마키아또,203.4,2026-03-17 20:08:27
바나프레소,ice,디카페인 밀크카라멜마키아또,0.0,2026-03-17 20:08:27
바나프레소,ice,시나몬라떼,203.4,2026-03-17 20:08:27
바나프레소,ice,디카페인 시나몬라떼,0.0,2026-03-17 20:08:27
바나프레소,ice,피스타치오카페라떼,203.4,2026-03-17 20:08:27
바나프레소,ice,디카페인 피스타치오카페라떼,0.0,2026-03-17 20:08:27
바나프레소,ice,에스프레소,203.4,2026-03-17 20:08:27
바나프레소,ice,디카페인 에스프레소,0.0,2026-03-17 20:08:27
바나프레소,ice,콜드브루,0.0,2026-03-17 20:08:27
바나프레소,ice,빅바나 콜드브루,0.0,2026-03-17 20:08:27
바나프레소,ice,콜드브루 라떼,256.8,2026-03-17 20:08:27
바나프레소,ice,바닐라 콜드브루,256.8,2026-03-17 20:08:27
바나프레소,ice,저당 바닐라 콜드브루,256.8,2026-03-17 20:08:27
바나프레소,ice,돌체 콜드브루,256.8,2026-03-17 20:08:27
바나프레소,ice,제주말차라떼,57.77,2026-03-17 20:08:27
바나프레소,ice,멜론라떼,36.75,2026-03-17 20:08:27
바나프레소,ice,딸기크리미라떼,32.25,2026-03-17 20:08:27
바나프레소,ice,제주말차크리미라떼,86.66,2026-03-17 20:08:27
바나프레소,ice,단짠치즈티라떼,82.05,2026-03-17 20:08:27
바나프레소,ice,헛개버블티,40.5,2026-03-17 20:08:27
바나프레소,ice,영암고구마라떼,39.0,2026-03-17 20:08:27
바나프레소,ice,미숫가루라떼,45.0,2026-03-17 20:08:27
바나프레소,ice,얼그레이밀크티,164.81,2026-03-17 20:08:27
바나프레소,ice,빅바나 미숫가루라떼,67.5,2026-03-17 20:08:27
바나프레소,ice,저당 얼그레이밀크티,18.6,2026-03-17 20:08:27
바나프레소,ice,얼그레이버블티,135.56,2026-03-17 20:08:27
바나프레소,ice,저당 얼그레이버블티,18.6,2026-03-17 20:08:27
바나프레소,ice,흑당밀크티,45.0,2026-03-17 20:08:27
바나프레소,ice,흑당버블티,36.0,2026-03-17 20:08:27
바나프레소,ice,리얼초코,15.09,2026-03-17 20:08:27
바나프레소,ice,빅바나 리얼초코,30.19,2026-03-17 20:08:27
바나프레소,ice,토피넛라떼,41.84,2026-03-17 20:08:27
바나프레소,ice,피스타치오라떼,38.25,2026-03-17 20:08:27
배스킨라빈스,ice,디카페인 아포가토 라떼 일반 우유 ICED R,1.0,2026-03-17 20:08:27
배스킨라빈스,ice,디카페인 아포가토 라떼 오트 변경 ICED R,0.8,2026-03-17 20:08:27
배스킨라빈스,ice,스페셜에디션 아포가토 라떼 일반 우유 ICED R,49.0,2026-03-17 20:08:27
배스킨라빈스,ice,스페셜에디션 아포가토 라떼 오트 변경 ICED R,49.0,2026-03-17 20:08:27
배스킨라빈스,ice,카페31 디카페인 카페라떼 ICED R,2.0,2026-03-17 20:08:27
배스킨라빈스,ice,카페31 디카페인 바닐라빈라떼 ICED R,2.0,2026-03-17 20:08:27
배스킨라빈스,ice,카페31 디카페인 연유라떼 ICED R,2.0,2026-03-17 20:08:27
배스킨라빈스,ice,카페31 디카페인 엄마는 외계인 카페모카 ICED R,8.0,2026-03-17 20:08:27
배스킨라빈스,ice,카페31 디카페인 카라멜 마끼아또 ICED R,2.0,2026-03-17 20:08:27
배스킨라빈스,ice,카페31 콜드브루 오트 ICED R,190.0,2026-03-17 20:08:27
배스킨라빈스,ice,카페31 디카페인 콜드브루 오트 ICED R,2.0,2026-03-17 20:08:27
배스킨라빈스,ice,카페31 디카페인 아메리카노 ICED R,2.0,2026-03-17 20:08:27
배스킨라빈스,ice,카페31 디카페인 콜드브루 아메리카노 ICED R,2.0,2026-03-17 20:08:27
배스킨라빈스,ice,카페31 스페셜에디션 카라멜 마끼아또 ICED R,146.0,2026-03-17 20:08:27
배스킨라빈스,ice,카페31 스페셜에디션 연유라떼 ICED R,146.0,2026-03-17 20:08:27
배스킨라빈스,ice,카페31 스페셜에디션 아메리카노 ICED R,146.0,2026-03-17 20:08:27
배스킨라빈스,ice,카페31 스페셜에디션 카페라떼 ICED R,146.0,2026-03-17 20:08:27
배스킨라빈스,ice,카페31 스페셜에디션 바닐라빈라떼 ICED R,146.0,2026-03-17 20:08:27
배스킨라빈스,ice,카페31 스페셜에디션 엄마는 외계인 카페모카 ICED R,87.0,2026-03-17 20:08:27
배스킨라빈스,ice,스페셜에디션 연유라떼 일반 우유 HOT R,146.0,2026-03-17 20:08:27
배스킨라빈스,ice,스페셜에디션 연유라떼 일반 우유 ICED R,146.0,2026-03-17 20:08:27
배스킨라빈스,ice,스페셜에디션 연유라떼 오트 변경 HOT R,146.0,2026-03-17 20:08:27
배스킨라빈스,ice,스페셜에디션 연유라떼 오트 변경 ICED R,146.0,2026-03-17 20:08:27
배스킨라빈스,ice,디카페인 연유 라떼 일반 우유 HOT R,2.0,2026-03-17 20:08:27
배스킨라빈스,ice,디카페인 연유 라떼 일반 우유 ICED R,2.0,2026-03-17 20:08:27
배스킨라빈스,ice,디카페인 연유 라떼 오트 변경 HOT R,2.0,2026-03-17 20:08:27
배스킨라빈스,ice,디카페인 연유 라떼 오트 변경 ICED R,2.0,2026-03-17 20:08:27
배스킨라빈스,ice,디카페인 엄마는 외계인 카페모카 일반 우유 HOT R,8.0,2026-03-17 20:08:27
배스킨라빈스,ice,디카페인 엄마는 외계인 카페모카 일반 우유 ICED R,8.0,2026-03-17 20:08:27
배스킨라빈스,ice,디카페인 엄마는 외계인 카페모카 오트 변경 HOT R,8.0,2026-03-17 20:08:27
배스킨라빈스,ice,디카페인 엄마는 외계인 카페모카 오트 변경 ICED R,8.0,2026-03-17 20:08:27
배스킨라빈스,ice,스페셜에디션 엄마는 외계인 카페모카 일반 우유 HOT R,152.0,2026-03-17 20:08:27
배스킨라빈스,ice,스페셜에디션 엄마는 외계인 카페모카 일반 우유 ICED R,87.0,2026-03-17 20:08:27
배스킨라빈스,ice,스페셜에디션 엄마는 외계인 카페모카 오트 변경 HOT R,152.0,2026-03-17 20:08:27
배스킨라빈스,ice,스페셜에디션 엄마는 외계인 카페모카 오트 변경 ICED R,87.0,2026-03-17 20:08:27
배스킨라빈스,ice,스페셜에디션 카라멜 마끼아또 일반 우유 HOT R,146.0,2026-03-17 20:08:27
배스킨라빈스,ice,스페셜에디션 카라멜 마끼아또 일반 우유 ICED R,146.0,2026-03-17 20:08:27
배스킨라빈스,ice,스페셜에디션 카라멜 마끼아또 오트 변경 HOT R,146.0,2026-03-17 20:08:27
배스킨라빈스,ice,스페셜에디션 카라멜 마끼아또 오트 변경 ICED R,146.0,2026-03-17 20:08:27
배스킨라빈스,ice,디카페인 카라멜 마끼아또 일반 우유 HOT R,2.0,2026-03-17 20:08:27
배스킨라빈스,ice,디카페인 카라멜 마끼아또 일반 우유 ICED R,2.0,2026-03-17 20:08:27
배스킨라빈스,ice,디카페인 카라멜 마끼아또 오트 변경 HOT R,2.0,2026-03-17 20:08:27
배스킨라빈스,ice,디카페인 카라멜 마끼아또 오트 변경 ICED R,2.0,2026-03-17 20:08:27
배스킨라빈스,ice,스페셜에디션 바닐라빈 라떼 일반 우유 HOT R,146.0,2026-03-17 20:08:27
배스킨라빈스,ice,스페셜에디션 바닐라빈 라떼 일반 우유 ICED R,146.0,2026-03-17 20:08:27
배스킨라빈스,ice,스페셜에디션 바닐라빈 라떼 오트 변경 HOT R,146.0,2026-03-17 20:08:27
배스킨라빈스,ice,스페셜에디션 바닐라빈 라떼 오트 변경 ICED R,146.0,2026-03-17 20:08:27
배스킨라빈스,ice,디카페인 바닐라빈 라떼 일반 우유 HOT R,2.0,2026-03-17 20:08:27
배스킨라빈스,ice,디카페인 바닐라빈 라떼 일반 우유 ICED R,2.0,2026-03-17 20:08:27
배스킨라빈스,ice,디카페인 바닐라빈 라떼 오트 변경 HOT R,2.0,2026-03-17 20:08:27
배스킨라빈스,ice,디카페인 바닐라빈 라떼 오트 변경 ICED R,2.0,2026-03-17 20:08:27
배스킨라빈스,ice,스페셜에디션 카페라떼 일반 우유 HOT R,146.0,2026-03-17 20:08:27
배스킨라빈스,ice,스페셜에디션 카페라떼 일반 우유 ICED R,146.0,2026-03-17 20:08:27
배스킨라빈스,ice,스페셜에디션 카페라떼 오트 변경 HOT R,146.0,2026-03-17 20:08:27
배스킨라빈스,ice,스페셜에디션 카페라떼 오트 변경 ICED R,146.0,2026-03-17 20:08:27
배스킨라빈스,ice,디카페인 카페라떼 일반 우유 HOT R,2.0,2026-03-17 20:08:27
배스킨라빈스,ice,디카페인 카페라떼 일반 우유 ICED R,2.0,2026-03-17 20:08:27
배스킨라빈스,ice,디카페인 카페라떼 오트 변경 HOT R,2.0,2026-03-17 20:08:27
배스킨라빈스,ice,디카페인 카페라떼 오트 변경 ICED R,2.0,2026-03-17 20:08:27
배스킨라빈스,ice,스페셜에디션 아메리카노 HOT R,146.0,2026-03-17 20:08:27
배스킨라빈스,ice,스페셜에디션 아메리카노 ICED R,146.0,2026-03-17 20:08:27
배스킨라빈스,ice,스페셜에디션 아메리카노 HOT K,195.0,2026-03-17 20:08:27
배스킨라빈스,ice,스페셜에디션 아메리카노 ICED K,195.0,2026-03-17 20:08:27
배스킨라빈스,ice,스페셜에디션 아메리카노 ICED 917 L,292.0,2026-03-17 20:08:27
배스킨라빈스,ice,디카페인 아메리카노 HOT R,2.0,2026-03-17 20:08:27
배스킨라빈스,ice,디카페인 아메리카노 HOT K,3.0,2026-03-17 20:08:27
배스킨라빈스,ice,디카페인 아메리카노 ICED R,2.0,2026-03-17 20:08:27
배스킨라빈스,ice,디카페인 아메리카노 ICED K,3.0,2026-03-17 20:08:27
배스킨라빈스,ice,디카페인 콜드브루 아메리카노 R,2.0,2026-03-17 20:08:27
배스킨라빈스,ice,디카페인 콜드브루 라떼 일반 우유 ICED R,2.0,2026-03-17 20:08:27
폴바셋,ice,오렌지플로우 피즈프레소,185.0,2026-03-17 20:08:27
폴바셋,ice,피치크러쉬드 피즈프레소,185.0,2026-03-17 20:08:27
폴바셋,ice,커피큐브 WITH 룽고,370.0,2026-03-17 20:08:27
폴바셋,ice,커피큐브 WITH 시나몬 카페라떼,370.0,2026-03-17 20:08:27
폴바셋,ice,커피큐브 WITH 바닐라빈 카페라떼,370.0,2026-03-17 20:08:27
폴바셋,ice,커피큐브 WITH 카페라떼,370.0,2026-03-17 20:08:27
폴바셋,ice,제주말차 카페라떼,384.0,2026-03-17 20:08:27
폴바셋,ice,아이스 제주말차 카페라떼,364.0,2026-03-17 20:08:27
폴바셋,ice,콜드브루_콜롬비아 아폰테,160.0,2026-03-17 20:08:27
폴바셋,ice,콜드브루 라떼_콜롬비아 아폰테,160.0,2026-03-17 20:08:27
폴바셋,ice,아이스 핸드드립_콜롬비아 아폰테,202.0,2026-03-17 20:08:27
폴바셋,ice,핸드드립_콜롬비아 아폰테,230.0,2026-03-17 20:08:27
폴바셋,ice,아이스 룽고,225.0,2026-03-17 20:08:27
폴바셋,ice,룽고,225.0,2026-03-17 20:08:27
폴바셋,ice,아이스 아메리카노,160.0,2026-03-17 20:08:27
폴바셋,ice,아메리카노,160.0,2026-03-17 20:08:27
폴바셋,ice,리스트레토,150.0,2026-03-17 20:08:27
폴바셋,ice,에스프레소,225.0,2026-03-17 20:08:27
폴바셋,ice,에스프레소 마키아토,113.0,2026-03-17 20:08:27
폴바셋,ice,초콜릿 에스프레소 콘 파나,114.0,2026-03-17 20:08:27
폴바셋,ice,아이스크림 카페 라떼,225.0,2026-03-17 20:08:27
폴바셋,ice,카페라떼,225.0,2026-03-17 20:08:27
폴바셋,ice,아이스 카페라떼,225.0,2026-03-17 20:08:27
폴바셋,ice,락토프리 카페 라떼,225.0,2026-03-17 20:08:27
폴바셋,ice,아이스 락토프리 카페 라떼,225.0,2026-03-17 20:08:27
폴바셋,ice,THE 아이스크림 카페라떼,245.0,2026-03-17 20:08:27
폴바셋,ice,카페 오트,225.0,2026-03-17 20:08:27
폴바셋,ice,아이스 카페 오트,225.0,2026-03-17 20:08:27
폴바셋,ice,플랫 화이트,225.0,2026-03-17 20:08:27
폴바셋,ice,아이스 플랫화이트,185.0,2026-03-17 20:08:27
폴바셋,ice,바닐라빈 카페라떼,225.0,2026-03-17 20:08:27
폴바셋,ice,아이스 바닐라빈 카페라떼,225.0,2026-03-17 20:08:27
폴바셋,ice,시나몬 카페 라떼,225.0,2026-03-17 20:08:27
폴바셋,ice,스페니쉬 카페 라떼 [연유],225.0,2026-03-17 20:08:27
폴바셋,ice,아이스 시나몬 카페 라떼,225.0,2026-03-17 20:08:27
폴바셋,ice,아이스 스페니쉬 카페 라떼 [연유],225.0,2026-03-17 20:08:27
폴바셋,ice,카라멜 마키아토,225.0,2026-03-17 20:08:27
폴바셋,ice,아이스 카라멜 마키아토,225.0,2026-03-17 20:08:27
폴바셋,ice,카페 모카,225.0,2026-03-17 20:08:27
폴바셋,ice,아이스 카페 모카,245.0,2026-03-17 20:08:27
폴바셋,ice,카푸치노,225.0,2026-03-17 20:08:27
폴바셋,ice,VENTI 콜드브루,266.0,2026-03-17 20:08:27
폴바셋,ice,VENTI 콜드브루 라떼,266.0,2026-03-17 20:08:27
폴바셋,ice,디카페인 아메리카노,10.0,2026-03-17 20:08:27
폴바셋,ice,아이스 디카페인 아메리카노,10.0,2026-03-17 20:08:27
폴바셋,ice,디카페인 카페라떼,10.0,2026-03-17 20:08:27
폴바셋,ice,아이스 디카페인 카페라떼,10.0,2026-03-17 20:08:27
폴바셋,ice,디카페인 락토프리 카페라떼,10.0,2026-03-17 20:08:27
폴바셋,ice,아이스 디카페인 락토프리 카페라떼,10.0,2026-03-17 20:08:27
폴바셋,ice,디카페인 카페오트,10.0,2026-03-17 20:08:27
폴바셋,ice,아이스 디카페인 카페오트,10.0,2026-03-17 20:08:27
폴바셋,ice,디카페인 카푸치노,10.0,2026-03-17 20:08:27
폴바셋,ice,아이스 디카페인 아이스크림 카페라떼,10.0,2026-03-17 20:08:27
폴바셋,ice,디카페인 시나몬 카페라떼,10.0,2026-03-17 20:08:27
폴바셋,ice,아이스 디카페인 시나몬 카페라떼,10.0,2026-03-17 20:08:27
폴바셋,ice,디카페인 바닐라빈 카페라떼,10.0,2026-03-17 20:08:27
폴바셋,ice,아이스 디카페인 바닐라빈 카페라떼,10.0,2026-03-17 20:08:27
폴바셋,ice,디카페인 스페니쉬 카페라떼,10.0,2026-03-17 20:08:27
폴바셋,ice,아이스 디카페인 스페니쉬 카페라떼,10.0,2026-03-17 20:08:27
폴바셋,ice,디카페인 카라멜 마키아토,10.0,2026-03-17 20:08:27
폴바셋,ice,아이스 디카페인카라멜 마키아토,10.0,2026-03-17 20:08:27
폴바셋,ice,디카페인 플랫화이트,10.0,2026-03-17 20:08:27
폴바셋,ice,아이스 디카페인 플랫화이트,10.0,2026-03-17 20:08:27
폴바셋,ice,디카페인 밀크 소프트 아포가토,10.0,2026-03-17 20:08:27
카페봄봄,ice,아메리카노,131.75,2026-03-17 20:08:27
카페봄봄,ice,카페라떼,131.75,2026-03-17 20:08:27
카페봄봄,ice,카푸치노,131.75,2026-03-17 20:08:27
카페봄봄,ice,바닐라라떼,131.75,2026-03-17 20:08:27
카페봄봄,ice,달고나카페라떼,131.75,2026-03-17 20:08:27
카페봄봄,ice,카페모카,131.75,2026-03-17 20:08:27
카페봄봄,ice,카라멜마끼아또,131.75,2026-03-17 20:08:27
카페봄봄,ice,헤이즐넛아메리카노,124.0,2026-03-17 20:08:27
카페봄봄,ice,헤이즐넛라떼,124.0,2026-03-17 20:08:27
카페봄봄,ice,콜드브루,167.0,2026-03-17 20:08:27
카페봄봄,ice,콜드브루라떼,167.0,2026-03-17 20:08:27
카페봄봄,ice,어른커피,36.73,2026-03-17 20:08:27
카페봄봄,ice,디카페인제로어른커피,1.7,2026-03-17 20:08:27
카페봄봄,ice,돌체라떼,131.75,2026-03-17 20:08:27
카페봄봄,ice,돌체콜드브루,28.42,2026-03-17 20:08:27
카페봄봄,ice,봄블랑,81.39,2026-03-17 20:08:27
카페봄봄,ice,오블랑,22.57,2026-03-17 20:08:27
카페봄봄,ice,오더블랑,22.57,2026-03-17 20:08:27
카페봄봄,ice,오렌지비앙코,23.4,2026-03-17 20:08:27
카페봄봄,ice,아인슈페너,57.22,2026-03-17 20:08:27
하삼동커피,ice,아메리카노 ice,181.0,2026-03-17 20:08:27
하삼동커피,ice,아메리카노 hot,181.0,2026-03-17 20:08:27
하삼동커피,ice,카페라떼 ice,181.0,2026-03-17 20:08:27
하삼동커피,ice,카페라떼 hot,181.0,2026-03-17 20:08:27
하삼동커피,ice,돌체라떼 ice,115.0,2026-03-17 20:08:27
하삼동커피,ice,돌체라떼 hot,115.0,2026-03-17 20:08:27
하삼동커피,ice,바닐라라떼 ice,182.0,2026-03-17 20:08:27
하삼동커피,ice,바닐라라떼 hot,181.0,2026-03-17 20:08:27
하삼동커피,ice,헤이즐넛라떼 ice,181.0,2026-03-17 20:08:27
하삼동커피,ice,헤이즐넛라떼 hot,181.0,2026-03-17 20:08:27
하삼동커피,ice,카라멜라떼 ice,181.0,2026-03-17 20:08:27
하삼동커피,ice,카라멜라떼 hot,181.0,2026-03-17 20:08:27
하삼동커피,ice,카라멜마끼아또 ice,181.0,2026-03-17 20:08:27
하삼동커피,ice,카라멜마끼아또 hot,181.0,2026-03-17 20:08:27
하삼동커피,ice,카푸치노 ice,181.0,2026-03-17 20:08:27
하삼동커피,ice,카푸치노 hot,181.0,2026-03-17 20:08:27
하삼동커피,ice,카페모카 ice,181.0,2026-03-17 20:08:27
하삼동커피,ice,카페모카 hot,181.0,2026-03-17 20:08:27
하삼동커피,ice,옛다방커피 ice,369.0,2026-03-17 20:08:27
하삼동커피,ice,옛다방커피 hot,308.0,2026-03-17 20:08:27
하삼동커피,ice,히말라야(소금커피) ice,168.0,2026-03-17 20:08:27
하삼동커피,ice,히말라야(소금커피) hot,168.0,2026-03-17 20:08:27
하삼동커피,ice,구룸라떼 ice,168.0,2026-03-17 20:08:27
하삼동커피,ice,구룸라떼 hot,181.0,2026-03-17 20:08:27
하삼동커피,ice,자바칩카페모카 ice,181.0,2026-03-17 20:08:27
하삼동커피,ice,자바칩카페모카 hot,181.0,2026-03-17 20:08:27
하삼동커피,ice,코코넛카페라떼 ice,181.0,2026-03-17 20:08:27
하삼동커피,ice,코코넛카페라떼 hot,181.0,2026-03-17 20:08:27
하삼동커피,ice,흑당카페라떼 ice,181.0,2026-03-17 20:08:27
하삼동커피,ice,흑당카페라떼 hot,181.0,2026-03-17 20:08:27
하삼동커피,ice,흑당구룸라떼 ice,168.0,2026-03-17 20:08:27
하삼동커피,ice,흑당구룸라떼 hot,168.0,2026-03-17 20:08:27
